OrderID,OrderDate,CustomerID,Quantity,MenuID,TableNumber,Cost,StaffID
"54-366-6861",2020-06-15 00:00:00.000,"72-055-7985",2,"58",5,125,"25"
"86-114-9232",2020-12-20 00:00:00.000,"80-927-5246",2,"52",5,320,"30"
"80-076-4032",2021-10-04 00:00:00.000,"10-341-4047",2,"72",12,310,"20"
"43-052-9931",2021-12-27 00:00:00.000,"89-896-4591",2,"24",12,190,"19"
"87-599-0366",2020-12-03 00:00:00.000,"09-688-8521",2,"65",3,93.13,"26"
"08-270-7581",2020-08-22 00:00:00.000,"56-479-7571",2,"27",10,91.84,"26"
"82-639-1298",2019-09-04 00:00:00.000,"09-710-7305",2,"13",14,52.08,"17"
"10-052-8149",2019-09-30 00:00:00.000,"37-285-0504",2,"41",5,125,"20"
"04-812-8753",2020-06-01 00:00:00.000,"84-136-7752",2,"51",11,75,"17"
"35-371-2486",2020-02-02 00:00:00.000,"79-082-9805",2,"72",7,320,"19"
"92-747-8084",2019-08-09 00:00:00.000,"91-251-5721",2,"9",11,190,"29"
"48-370-5933",2022-01-28 00:00:00.000,"35-042-6593",2,"29",5,168.27,"30"
"20-205-9814",2021-11-23 00:00:00.000,"78-492-1244",2,"71",13,93.13,"25"
"36-383-1600",2019-08-08 00:00:00.000,"87-811-2475",2,"44",11,52.08,"13"
"30-867-3284",2020-10-05 00:00:00.000,"26-631-4044",2,"65",14,69.38,"29"
"28-387-3547",2019-08-14 00:00:00.000,"18-296-6063",2,"17",4,125,"25"
"67-067-9693",2020-12-10 00:00:00.000,"04-268-9065",2,"14",6,320,"20"
"90-921-1904",2021-08-16 00:00:00.000,"82-278-5664",2,"21",2,310,"26"
"25-522-2006",2021-02-02 00:00:00.000,"58-749-9630",2,"66",14,190,"18"
"39-647-4894",2022-05-27 00:00:00.000,"97-122-0077",2,"31",2,144.09,"20"
"08-152-8962",2021-01-12 00:00:00.000,"75-652-8475",2,"11",14,93.13,"26"
"39-613-0627",2022-03-27 00:00:00.000,"18-238-2784",2,"59",11,91.84,"30"
"17-851-5705",2021-06-17 00:00:00.000,"17-237-9919",2,"12",14,69.38,"19"
"62-918-2454",2021-12-03 00:00:00.000,"30-395-2269",2,"7",13,125,"30"
"73-876-5941",2019-07-03 00:00:00.000,"42-286-4150",2,"42",6,75,"26"
"23-760-0421",2019-08-05 00:00:00.000,"04-049-1006",2,"62",11,310,"26"
"00-669-6040",2021-12-19 00:00:00.000,"38-206-8901",2,"67",1,190,"20"
"30-969-9125",2020-05-28 00:00:00.000,"79-752-9044",2,"6",6,168.27,"19"
"51-322-7429",2021-04-28 00:00:00.000,"51-824-3545",2,"65",3,93.13,"17"
"49-841-5624",2021-08-15 00:00:00.000,"52-259-8758",2,"50",5,91.84,"17"
"91-284-4644",2022-08-10 00:00:00.000,"54-926-6336",2,"42",9,52.08,"29"
"02-266-1313",2022-08-19 00:00:00.000,"81-286-3465",2,"71",1,125,"20"
"68-226-7897",2020-12-14 00:00:00.000,"09-427-8083",2,"70",8,75,"29"
"90-389-3298",2022-08-24 00:00:00.000,"24-902-5422",2,"69",7,320,"17"
"14-224-3137",2022-08-15 00:00:00.000,"30-882-6768",2,"36",5,190,"26"
"65-301-1388",2022-05-05 00:00:00.000,"19-175-1000",2,"59",12,168.27,"25"
"92-838-7961",2021-04-20 00:00:00.000,"44-929-7305",2,"47",1,144.09,"19"
"31-576-8678",2022-06-05 00:00:00.000,"13-132-4970",2,"27",4,91.84,"30"
"56-840-9304",2019-10-14 00:00:00.000,"26-834-8571",2,"64",9,52.08,"18"
"80-215-3898",2021-12-21 00:00:00.000,"66-365-0560",2,"23",11,69.38,"29"
"24-998-9967",2021-12-30 00:00:00.000,"88-786-4775",2,"71",9,75,"18"
"10-390-3471",2019-09-17 00:00:00.000,"55-534-3489",2,"15",7,320,"19"
"12-837-0577",2021-12-29 00:00:00.000,"72-701-8397",2,"65",4,310,"19"
"27-077-0389",2021-02-03 00:00:00.000,"91-616-5387",2,"23",8,168.27,"20"
"15-667-9235",2022-01-21 00:00:00.000,"30-459-4522",2,"4",4,144.09,"26"
"97-507-9861",2020-12-24 00:00:00.000,"86-200-6226",2,"2",11,93.13,"13"
"03-825-5219",2020-04-29 00:00:00.000,"36-854-2948",2,"58",2,52.08,"20"
"39-843-1059",2020-06-03 00:00:00.000,"71-234-5179",2,"53",7,69.38,"25"
"34-629-9123",2021-08-07 00:00:00.000,"53-839-6279",2,"65",4,125,"25"
"43-009-8040",2020-01-11 00:00:00.000,"50-716-5754",2,"35",6,320,"20"
"46-969-1933",2021-08-27 00:00:00.000,"31-441-5077",2,"31",4,310,"25"
"69-607-3610",2022-08-21 00:00:00.000,"37-013-0292",2,"26",10,190,"26"
"56-076-6137",2020-08-13 00:00:00.000,"46-957-2549",2,"16",13,144.09,"25"
"51-007-0849",2019-09-22 00:00:00.000,"19-745-7544",2,"12",13,93.13,"26"
"62-768-3976",2022-10-10 00:00:00.000,"37-402-2949",2,"18",3,91.84,"20"
"07-116-3515",2020-10-01 00:00:00.000,"21-903-1493",2,"5",5,69.38,"19"
"09-896-5300",2021-09-19 00:00:00.000,"10-502-1445",2,"41",3,125,"29"
"76-380-8355",2020-02-08 00:00:00.000,"58-165-3429",2,"72",6,75,"19"
"36-480-1277",2019-11-24 00:00:00.000,"16-968-9858",2,"18",13,310,"26"
"63-204-3800",2019-08-04 00:00:00.000,"75-905-7326",2,"24",13,190,"19"
"77-561-4347",2022-05-26 00:00:00.000,"10-921-5699",2,"47",5,168.27,"20"
"28-882-5933",2019-12-22 00:00:00.000,"56-326-1556",2,"8",2,93.13,"18"
"74-564-7314",2019-12-20 00:00:00.000,"09-888-3706",2,"39",11,91.84,"19"
"76-855-7164",2020-06-11 00:00:00.000,"59-998-9285",2,"63",12,52.08,"20"
"08-659-6030",2020-08-16 00:00:00.000,"68-700-9823",2,"67",5,125,"18"
"83-220-9837",2020-10-24 00:00:00.000,"57-301-6790",2,"50",12,75,"18"
"65-311-3002",2019-08-26 00:00:00.000,"00-090-3491",2,"44",9,320,"18"
"84-724-9712",2022-06-07 00:00:00.000,"90-491-1239",2,"56",8,190,"19"
"76-627-0236",2020-09-22 00:00:00.000,"02-974-0997",2,"48",1,168.27,"29"
"25-850-5723",2020-08-05 00:00:00.000,"75-436-9725",2,"44",13,144.09,"29"
"12-648-4718",2020-11-01 00:00:00.000,"57-611-6010",2,"2",1,91.84,"19"
"91-332-6187",2020-12-10 00:00:00.000,"59-715-3288",2,"6",14,52.08,"19"
"59-493-4419",2019-11-20 00:00:00.000,"43-748-1342",2,"33",4,69.38,"18"
"01-981-5069",2020-07-26 00:00:00.000,"85-779-8174",2,"16",8,75,"18"
"50-185-4137",2020-01-13 00:00:00.000,"73-712-9768",2,"72",14,320,"18"
"53-974-4637",2021-06-23 00:00:00.000,"94-235-1902",2,"41",11,310,"25"
"93-057-9662",2020-10-03 00:00:00.000,"09-339-5822",2,"52",10,168.27,"30"
"13-555-4988",2021-01-28 00:00:00.000,"37-705-9466",2,"19",12,144.09,"25"
"55-443-2920",2022-01-23 00:00:00.000,"75-937-6004",2,"11",5,93.13,"18"
"89-865-3770",2021-05-31 00:00:00.000,"29-310-6052",2,"28",11,52.08,"19"
"91-121-2326",2021-02-09 00:00:00.000,"85-700-6393",2,"14",5,69.38,"25"
"67-961-1567",2022-09-17 00:00:00.000,"00-689-5519",2,"33",3,125,"18"
"84-681-6641",2019-10-21 00:00:00.000,"35-109-7817",2,"10",13,320,"30"
"07-634-6294",2020-04-22 00:00:00.000,"58-341-8825",2,"57",12,310,"20"
"17-396-0834",2020-03-09 00:00:00.000,"99-534-0752",2,"27",11,190,"19"
"06-934-9396",2020-09-30 00:00:00.000,"14-968-9727",2,"33",8,144.09,"20"
"65-966-4872",2020-05-09 00:00:00.000,"97-687-5761",2,"54",1,93.13,"26"
"89-100-6055",2021-06-19 00:00:00.000,"47-900-5071",2,"1",6,91.84,"19"
"33-755-4654",2022-07-23 00:00:00.000,"33-715-4955",2,"43",10,69.38,"30"
"13-469-9343",2020-03-28 00:00:00.000,"61-819-5221",2,"9",1,125,"18"
"30-791-3047",2022-03-14 00:00:00.000,"76-877-1926",2,"7",9,75,"29"
"31-221-4991",2020-11-28 00:00:00.000,"45-770-5550",2,"5",3,310,"26"
"12-346-4013",2022-08-24 00:00:00.000,"16-233-7577",2,"22",6,190,"18"
"65-170-4476",2021-03-25 00:00:00.000,"72-484-4060",2,"67",13,168.27,"29"
"79-268-0334",2021-02-11 00:00:00.000,"91-062-1559",2,"19",4,93.13,"25"
"04-904-4552",2021-07-14 00:00:00.000,"93-077-9628",2,"72",12,91.84,"26"
"31-073-7194",2019-08-18 00:00:00.000,"59-029-6148",2,"45",9,52.08,"26"
"35-795-9456",2022-02-07 00:00:00.000,"53-638-1872",2,"24",15,125,"25"
"35-907-6473",2021-11-02 00:00:00.000,"09-463-4222",2,"68",3,75,"19"
"58-376-5889",2020-09-27 00:00:00.000,"26-673-1238",2,"26",4,320,"18"
"30-082-2867",2021-01-13 00:00:00.000,"91-807-1653",2,"70",12,190,"26"
"34-970-4387",2020-08-11 00:00:00.000,"91-253-6389",2,"57",9,168.27,"17"
"71-373-6387",2020-05-29 00:00:00.000,"40-831-4524",2,"49",4,144.09,"29"
"60-913-9847",2020-02-22 00:00:00.000,"15-796-7574",2,"49",14,91.84,"30"
"68-012-9190",2022-05-01 00:00:00.000,"14-149-6520",2,"10",5,52.08,"25"
"34-415-8074",2020-08-09 00:00:00.000,"76-056-5131",2,"62",1,69.38,"20"
"13-912-7109",2020-07-29 00:00:00.000,"06-994-0572",2,"26",10,75,"18"
"37-082-5374",2022-06-22 00:00:00.000,"35-231-9391",2,"32",11,320,"26"
"22-437-6211",2020-09-11 00:00:00.000,"85-902-1541",2,"9",9,310,"30"
"72-207-0940",2022-09-27 00:00:00.000,"35-838-2312",2,"20",10,168.27,"20"
"69-218-2694",2020-08-01 00:00:00.000,"70-887-8634",2,"19",5,144.09,"20"
"29-353-4988",2022-11-03 00:00:00.000,"80-202-1241",2,"59",14,93.13,"25"
"07-244-2129",2020-11-18 00:00:00.000,"76-263-1020",2,"37",15,52.08,"17"
"69-817-5553",2021-09-06 00:00:00.000,"08-962-4575",2,"6",2,69.38,"18"
"60-078-2571",2020-04-02 00:00:00.000,"61-679-9578",2,"3",11,125,"13"
"45-519-3808",2022-08-19 00:00:00.000,"97-034-6516",2,"61",12,320,"19"
"94-211-8782",2020-10-13 00:00:00.000,"91-067-3717",2,"58",6,310,"29"
"49-337-9727",2022-10-23 00:00:00.000,"85-983-2290",2,"71",9,190,"19"
"95-337-7409",2022-06-25 00:00:00.000,"33-772-5377",2,"54",6,144.09,"20"
"04-546-8049",2022-11-23 00:00:00.000,"71-674-3925",2,"48",5,93.13,"17"
"67-172-7841",2022-04-27 00:00:00.000,"30-049-5208",2,"48",12,91.84,"17"
"41-622-4465",2020-07-18 00:00:00.000,"18-208-4971",2,"27",3,69.38,"17"
"52-348-6923",2021-12-02 00:00:00.000,"78-456-9963",2,"28",5,125,"17"
"24-332-5305",2021-08-03 00:00:00.000,"59-084-7992",2,"15",5,75,"17"
"00-008-3271",2021-05-24 00:00:00.000,"50-245-9029",2,"20",3,310,"26"
"78-040-2505",2020-08-17 00:00:00.000,"17-062-2228",2,"42",2,190,"18"
"98-293-6058",2019-08-25 00:00:00.000,"59-164-4769",2,"38",7,168.27,"17"
"90-320-2065",2022-10-17 00:00:00.000,"37-935-3233",2,"67",1,93.13,"20"
"77-904-4749",2022-06-25 00:00:00.000,"32-058-7312",2,"67",6,91.84,"25"
"19-560-5489",2022-01-26 00:00:00.000,"99-288-3999",2,"35",11,52.08,"20"
"99-748-0471",2019-11-05 00:00:00.000,"16-794-2589",2,"29",10,125,"17"
"94-106-4253",2021-10-09 00:00:00.000,"80-565-2790",2,"61",1,75,"19"
"46-031-2472",2020-10-22 00:00:00.000,"23-068-9989",2,"42",9,320,"20"
"76-913-8795",2020-08-18 00:00:00.000,"58-684-1818",2,"70",11,190,"18"
"99-860-3106",2020-04-08 00:00:00.000,"61-440-3934",2,"56",10,168.27,"18"
"77-889-7684",2020-03-02 00:00:00.000,"05-507-9751",2,"64",11,144.09,"19"
"03-132-2890",2022-11-05 00:00:00.000,"44-057-4911",2,"34",11,91.84,"17"
"05-982-4967",2020-02-24 00:00:00.000,"91-165-1485",2,"12",10,52.08,"25"
"33-667-2660",2021-02-16 00:00:00.000,"19-662-9886",2,"31",1,69.38,"19"
"97-662-2177",2020-09-09 00:00:00.000,"91-536-3437",2,"66",1,75,"26"
"28-960-2783",2022-10-24 00:00:00.000,"55-844-1489",2,"62",3,320,"20"
"04-003-4647",2020-10-31 00:00:00.000,"57-924-8318",2,"51",3,310,"20"
"66-610-1519",2021-11-10 00:00:00.000,"63-816-5027",2,"22",7,168.27,"18"
"04-911-6551",2019-10-09 00:00:00.000,"72-364-9120",2,"56",7,144.09,"25"
"32-208-6721",2020-08-21 00:00:00.000,"14-623-7622",2,"29",1,93.13,"26"
"52-905-6091",2021-07-30 00:00:00.000,"88-616-2949",2,"13",10,52.08,"20"
"71-409-7516",2019-07-24 00:00:00.000,"51-673-6515",2,"54",15,69.38,"19"
"92-521-6256",2019-11-01 00:00:00.000,"71-435-6306",2,"4",10,125,"30"
"10-370-7784",2019-12-09 00:00:00.000,"01-169-3967",2,"5",2,320,"17"
"75-421-5444",2021-10-24 00:00:00.000,"84-742-3186",2,"3",1,310,"29"
"81-940-9983",2022-03-02 00:00:00.000,"44-383-3466",2,"22",1,190,"17"
"09-440-5820",2022-07-02 00:00:00.000,"98-044-8929",2,"1",12,144.09,"18"
"22-561-9916",2020-09-23 00:00:00.000,"75-903-8085",2,"12",9,93.13,"17"
"51-247-0503",2022-05-03 00:00:00.000,"29-317-1692",2,"47",5,91.84,"25"
"38-624-7763",2022-07-05 00:00:00.000,"24-717-8311",2,"34",9,69.38,"20"
"98-920-8331",2020-08-12 00:00:00.000,"15-794-0367",2,"51",5,125,"29"
"70-349-8770",2020-08-23 00:00:00.000,"94-757-1930",2,"3",10,75,"13"
"50-048-3933",2020-10-31 00:00:00.000,"74-526-8799",2,"10",14,310,"25"
"03-297-4257",2019-08-23 00:00:00.000,"46-176-6402",2,"55",2,190,"29"
"04-976-7880",2022-12-31 00:00:00.000,"18-234-4252",2,"37",14,168.27,"26"
"71-140-6745",2020-11-10 00:00:00.000,"50-340-3351",2,"71",7,93.13,"29"
"12-306-6646",2021-10-31 00:00:00.000,"08-294-3158",2,"51",2,91.84,"17"
"11-700-3520",2022-04-17 00:00:00.000,"39-327-8322",2,"61",9,52.08,"19"
"11-648-9765",2020-12-28 00:00:00.000,"84-440-9751",2,"34",3,125,"26"
"13-189-4080",2020-02-27 00:00:00.000,"75-673-9361",2,"37",6,75,"26"
"18-944-2420",2022-02-14 00:00:00.000,"57-497-0939",2,"65",14,320,"13"
"92-809-9028",2020-03-10 00:00:00.000,"04-732-9888",2,"27",4,190,"26"
"25-771-0744",2020-11-24 00:00:00.000,"71-907-8875",2,"60",4,168.27,"18"
"10-814-8054",2020-01-14 00:00:00.000,"61-104-0525",2,"46",3,144.09,"19"
"25-433-9492",2020-08-02 00:00:00.000,"64-943-2705",2,"47",1,91.84,"29"
"44-087-0146",2021-10-12 00:00:00.000,"57-651-6974",2,"27",7,52.08,"29"
"18-237-6374",2020-05-03 00:00:00.000,"82-126-8371",2,"30",2,69.38,"29"
"66-392-1377",2020-04-18 00:00:00.000,"63-536-7273",2,"33",3,75,"20"
"91-242-5776",2020-11-30 00:00:00.000,"78-012-8423",2,"21",9,320,"29"
"71-440-8512",2019-11-24 00:00:00.000,"71-615-2472",2,"1",3,310,"13"
"06-416-0671",2021-11-26 00:00:00.000,"81-541-0260",2,"9",4,168.27,"18"
"51-062-8739",2022-06-03 00:00:00.000,"52-341-6099",2,"3",10,144.09,"19"
"81-653-6035",2020-08-24 00:00:00.000,"69-923-8256",2,"10",3,93.13,"26"
"96-491-1316",2019-07-10 00:00:00.000,"84-776-0112",2,"28",1,52.08,"17"
"53-494-9541",2021-10-08 00:00:00.000,"01-864-9695",2,"20",6,69.38,"25"
"60-725-6733",2019-09-05 00:00:00.000,"11-447-6901",2,"12",4,125,"20"
"53-433-8071",2021-02-15 00:00:00.000,"16-649-4523",2,"38",7,320,"20"
"02-699-8406",2022-08-26 00:00:00.000,"09-563-6732",2,"13",5,310,"25"
"15-297-7741",2021-08-23 00:00:00.000,"92-486-6132",2,"69",5,190,"19"
"87-976-0252",2020-04-24 00:00:00.000,"12-472-1799",2,"22",2,144.09,"13"
"65-451-1818",2021-08-16 00:00:00.000,"26-402-5585",2,"5",10,93.13,"19"
"62-591-7981",2021-12-03 00:00:00.000,"45-876-6548",2,"1",1,91.84,"18"
"08-316-6754",2019-08-25 00:00:00.000,"21-667-2874",2,"68",6,69.38,"20"
"32-049-4417",2021-03-30 00:00:00.000,"98-252-9656",2,"34",13,125,"29"
"44-701-3012",2020-06-24 00:00:00.000,"63-367-4362",2,"66",11,75,"13"
"85-961-5775",2021-05-07 00:00:00.000,"13-517-7084",2,"3",9,310,"26"
"93-083-3241",2019-12-17 00:00:00.000,"53-132-9646",2,"42",15,190,"29"
"34-631-7695",2020-01-04 00:00:00.000,"71-993-6020",2,"28",9,168.27,"17"
"20-140-3398",2020-10-16 00:00:00.000,"72-650-0634",2,"2",10,93.13,"17"
"65-386-4145",2022-01-26 00:00:00.000,"56-917-2112",2,"63",6,91.84,"30"
"87-435-5817",2021-04-26 00:00:00.000,"30-481-3036",2,"56",2,52.08,"19"
"92-555-9940",2022-09-27 00:00:00.000,"20-380-7591",2,"66",7,125,"19"
"95-587-8796",2022-06-13 00:00:00.000,"88-064-9725",2,"18",10,75,"18"
"85-313-3288",2019-07-14 00:00:00.000,"50-213-8609",2,"72",15,320,"20"
"79-555-6824",2021-01-01 00:00:00.000,"70-750-9176",2,"22",7,190,"29"
"13-435-8115",2021-01-04 00:00:00.000,"87-320-3281",2,"20",15,168.27,"20"
"37-474-6061",2022-09-27 00:00:00.000,"24-176-7246",2,"17",15,144.09,"18"
"93-396-2857",2020-09-05 00:00:00.000,"08-816-0158",2,"5",15,91.84,"25"
"74-034-2507",2020-09-27 00:00:00.000,"36-821-2511",2,"6",3,52.08,"13"
"00-283-3544",2022-07-02 00:00:00.000,"07-369-4272",2,"53",4,69.38,"26"
"66-276-1471",2021-02-10 00:00:00.000,"01-889-1994",2,"17",2,75,"20"
"35-174-3155",2020-03-05 00:00:00.000,"04-729-3719",2,"4",11,320,"13"
"82-799-6775",2022-08-04 00:00:00.000,"40-116-0451",2,"14",12,310,"19"
"53-541-9522",2022-07-14 00:00:00.000,"89-981-5015",2,"30",10,168.27,"29"
"43-109-7017",2020-07-22 00:00:00.000,"51-811-2023",2,"58",9,144.09,"20"
"28-279-3419",2021-09-04 00:00:00.000,"15-541-9267",2,"70",11,93.13,"29"
"70-350-8506",2022-02-04 00:00:00.000,"60-243-1925",2,"37",14,52.08,"26"
"35-067-3364",2022-07-06 00:00:00.000,"57-653-7765",2,"60",1,69.38,"25"
"70-821-6798",2022-03-23 00:00:00.000,"60-337-9209",2,"23",14,125,"17"
"49-795-0099",2019-10-20 00:00:00.000,"83-007-6408",2,"13",12,320,"13"
"05-378-2914",2022-03-02 00:00:00.000,"08-417-0042",2,"8",1,310,"20"
"01-754-7255",2020-07-03 00:00:00.000,"97-850-3306",2,"22",11,190,"25"
"66-576-7484",2019-09-16 00:00:00.000,"45-619-6096",2,"34",15,144.09,"18"
"44-877-6595",2022-08-27 00:00:00.000,"95-556-4695",2,"52",10,93.13,"19"
"90-716-3855",2021-03-18 00:00:00.000,"92-904-9582",2,"32",11,91.84,"26"
"12-605-1676",2022-10-14 00:00:00.000,"12-982-1679",2,"2",10,69.38,"19"
"11-821-0545",2020-11-08 00:00:00.000,"01-608-1032",2,"63",8,125,"13"
"34-426-9335",2022-08-05 00:00:00.000,"91-276-1722",2,"53",7,75,"25"
"29-930-1681",2019-08-17 00:00:00.000,"16-112-3047",2,"5",2,310,"20"
"77-986-1901",2019-12-30 00:00:00.000,"62-452-0994",2,"51",2,190,"20"
"83-597-0985",2020-05-20 00:00:00.000,"04-962-5217",2,"44",12,168.27,"26"
"18-752-8277",2020-10-06 00:00:00.000,"39-552-7180",2,"12",4,93.13,"19"
"23-382-0687",2021-08-04 00:00:00.000,"39-791-8742",2,"38",9,91.84,"19"
"57-773-2064",2022-03-17 00:00:00.000,"82-214-2697",2,"3",3,52.08,"29"
"46-138-6582",2019-08-24 00:00:00.000,"86-592-7704",2,"16",15,125,"29"
"71-516-9998",2019-12-17 00:00:00.000,"13-051-6609",2,"16",5,75,"26"
"67-156-1140",2020-03-20 00:00:00.000,"77-254-6430",2,"14",6,320,"18"
"75-606-4195",2020-10-09 00:00:00.000,"08-784-0123",2,"69",12,190,"19"
"81-493-5555",2022-02-21 00:00:00.000,"37-292-6370",2,"56",12,168.27,"29"
"53-661-8226",2022-11-05 00:00:00.000,"34-938-2645",2,"71",7,144.09,"18"
"15-190-8465",2022-03-04 00:00:00.000,"24-648-1490",2,"2",5,91.84,"29"
"01-877-6020",2021-06-09 00:00:00.000,"07-280-9648",2,"7",3,52.08,"25"
"74-314-5556",2021-02-13 00:00:00.000,"38-163-2437",2,"54",12,69.38,"26"
"96-883-6756",2021-09-06 00:00:00.000,"14-064-2226",2,"16",11,75,"30"
"95-581-1944",2022-03-19 00:00:00.000,"07-161-0216",2,"61",15,320,"18"
"71-188-6549",2022-08-03 00:00:00.000,"32-091-9218",2,"63",2,310,"17"
"80-544-0183",2022-11-12 00:00:00.000,"74-548-0202",2,"9",14,168.27,"19"
"76-509-2544",2020-05-11 00:00:00.000,"76-847-6826",2,"28",11,144.09,"19"
"88-756-9391",2022-12-21 00:00:00.000,"87-886-6643",2,"11",7,93.13,"26"
"20-343-7160",2020-08-12 00:00:00.000,"65-760-7724",2,"60",11,52.08,"13"
"43-799-4873",2022-11-24 00:00:00.000,"22-501-0325",2,"10",3,69.38,"30"
"50-617-3367",2020-09-24 00:00:00.000,"30-959-5571",2,"68",14,125,"19"
"57-683-6723",2022-12-29 00:00:00.000,"11-402-7555",2,"24",4,320,"29"
"61-799-5380",2020-11-22 00:00:00.000,"07-187-1437",2,"37",12,310,"19"
"39-040-2440",2020-10-06 00:00:00.000,"75-071-4546",2,"26",11,190,"18"
"19-329-8137",2021-03-25 00:00:00.000,"59-386-1239",2,"42",12,144.09,"17"
"53-322-3671",2021-01-13 00:00:00.000,"13-040-2063",2,"18",8,93.13,"19"
"91-490-5244",2022-08-11 00:00:00.000,"64-665-8707",2,"72",4,91.84,"19"
"44-439-4440",2022-08-04 00:00:00.000,"02-681-4911",2,"1",2,69.38,"25"
"93-829-0535",2022-05-27 00:00:00.000,"28-783-9841",2,"34",12,125,"26"
"33-395-8454",2020-05-21 00:00:00.000,"86-404-0358",2,"41",5,75,"19"
"25-432-8239",2021-02-21 00:00:00.000,"61-676-0339",2,"54",10,310,"25"
"59-738-2614",2019-07-26 00:00:00.000,"47-010-9846",2,"31",8,190,"25"
"92-859-5564",2021-01-16 00:00:00.000,"78-969-3391",2,"30",3,168.27,"13"
"65-428-6495",2022-09-20 00:00:00.000,"07-014-5107",2,"67",6,93.13,"13"
"46-576-0301",2021-09-21 00:00:00.000,"18-648-5116",2,"1",8,91.84,"29"
"86-425-5753",2021-05-27 00:00:00.000,"57-843-3690",2,"70",13,52.08,"20"
"53-412-8787",2022-09-27 00:00:00.000,"51-291-3742",2,"28",11,125,"13"
"21-106-4079",2021-11-02 00:00:00.000,"45-685-2873",2,"61",11,75,"26"
"37-398-9630",2022-01-31 00:00:00.000,"36-740-6346",2,"34",11,320,"29"
"85-868-5544",2022-12-05 00:00:00.000,"56-376-6225",2,"7",4,190,"18"
"42-108-2633",2021-08-15 00:00:00.000,"07-597-7903",2,"13",15,168.27,"29"
"90-256-2320",2019-06-14 00:00:00.000,"38-029-8372",2,"4",5,144.09,"30"
"66-721-3658",2020-04-07 00:00:00.000,"37-428-9401",2,"15",8,91.84,"18"
"79-627-2533",2021-03-02 00:00:00.000,"03-040-0318",2,"66",8,52.08,"13"
"67-723-0322",2022-03-13 00:00:00.000,"69-530-7688",2,"27",2,69.38,"30"
"54-800-8042",2020-05-05 00:00:00.000,"92-702-5870",2,"39",12,75,"20"
"86-819-6178",2022-10-30 00:00:00.000,"06-321-2499",2,"65",9,320,"13"
"87-618-1229",2021-04-09 00:00:00.000,"31-320-9549",2,"7",9,310,"29"
"39-130-1094",2021-02-07 00:00:00.000,"40-236-9118",2,"72",13,168.27,"20"
"23-364-4571",2019-11-11 00:00:00.000,"14-693-9001",2,"5",1,144.09,"20"
"26-326-8254",2020-01-13 00:00:00.000,"48-306-2176",2,"3",13,93.13,"18"
"07-143-9471",2022-03-27 00:00:00.000,"21-383-0942",2,"36",14,52.08,"25"
"64-941-6067",2019-09-11 00:00:00.000,"18-179-2197",2,"22",14,69.38,"17"
"41-201-7265",2020-12-23 00:00:00.000,"45-044-4374",2,"1",6,125,"26"
"75-556-0225",2020-02-15 00:00:00.000,"09-203-2909",2,"9",3,320,"20"
"07-312-6026",2020-02-21 00:00:00.000,"42-547-8958",2,"26",15,310,"19"
"74-006-2266",2022-03-10 00:00:00.000,"27-104-9440",2,"1",14,190,"13"
"55-592-1782",2021-09-08 00:00:00.000,"80-268-7959",2,"52",4,144.09,"17"
"36-019-1520",2020-08-12 00:00:00.000,"91-839-0337",2,"49",7,93.13,"13"
"90-877-0957",2023-01-04 00:00:00.000,"13-919-9687",2,"18",11,91.84,"18"
"26-973-3455",2020-01-06 00:00:00.000,"28-994-2175",2,"23",9,69.38,"19"
"67-813-5657",2020-02-07 00:00:00.000,"90-138-4450",2,"6",2,125,"13"
"32-792-5231",2021-08-21 00:00:00.000,"23-205-4715",2,"28",6,75,"19"
"64-718-6202",2019-08-15 00:00:00.000,"30-426-0861",2,"1",2,310,"29"
"59-784-8988",2022-06-03 00:00:00.000,"54-763-6870",2,"15",5,190,"20"
"76-194-5836",2020-01-02 00:00:00.000,"87-825-2791",2,"48",4,168.27,"20"
"45-486-4534",2021-05-15 00:00:00.000,"49-905-8008",2,"20",12,93.13,"19"
"24-102-1793",2021-04-12 00:00:00.000,"70-815-9836",2,"18",15,91.84,"25"
"31-669-5161",2021-05-02 00:00:00.000,"42-611-3228",2,"71",7,52.08,"26"
"03-568-8174",2020-11-21 00:00:00.000,"82-729-5605",2,"1",8,125,"19"
"26-802-1005",2020-09-01 00:00:00.000,"53-704-6388",2,"40",3,75,"19"
"15-272-2116",2022-09-08 00:00:00.000,"14-832-8262",2,"55",4,320,"20"
"25-252-0068",2022-01-05 00:00:00.000,"20-850-2376",2,"7",3,190,"20"
"78-204-9950",2020-12-21 00:00:00.000,"68-882-8050",2,"8",7,168.27,"18"
"45-043-4851",2022-01-14 00:00:00.000,"60-346-2768",2,"64",6,144.09,"17"
"41-269-9772",2021-06-09 00:00:00.000,"56-511-3188",2,"14",8,91.84,"25"
"54-080-0702",2020-11-20 00:00:00.000,"82-520-3770",2,"41",11,52.08,"25"
"64-051-9774",2020-05-14 00:00:00.000,"53-257-4115",2,"33",7,69.38,"25"
"34-257-0115",2020-03-21 00:00:00.000,"29-836-4385",2,"27",11,75,"20"
"21-385-2808",2022-01-06 00:00:00.000,"16-815-6643",2,"63",2,320,"26"
"40-599-5065",2022-05-27 00:00:00.000,"30-825-3298",2,"33",1,310,"29"
"00-965-9450",2022-02-15 00:00:00.000,"63-784-1408",2,"24",13,168.27,"17"
"34-331-6365",2020-12-13 00:00:00.000,"35-306-1244",2,"8",5,144.09,"18"
"61-720-5633",2019-07-24 00:00:00.000,"56-125-9083",2,"70",13,93.13,"29"
"56-644-2509",2020-12-26 00:00:00.000,"47-775-2879",2,"34",4,52.08,"18"
"76-334-1448",2019-12-07 00:00:00.000,"53-665-5572",2,"69",15,69.38,"25"
"29-947-3866",2021-09-05 00:00:00.000,"46-151-7455",2,"43",1,125,"25"
"36-290-7816",2019-10-26 00:00:00.000,"04-242-3472",2,"10",8,320,"29"
"92-776-2834",2021-07-08 00:00:00.000,"74-748-7404",2,"24",12,310,"29"
"29-952-5748",2019-06-27 00:00:00.000,"59-273-7178",2,"52",1,190,"25"
"10-030-5503",2021-02-03 00:00:00.000,"09-685-7250",2,"54",6,144.09,"20"
"59-617-9817",2021-06-02 00:00:00.000,"37-038-2215",2,"16",14,93.13,"26"
"17-586-7905",2021-07-03 00:00:00.000,"62-845-0351",2,"70",1,91.84,"25"
"99-900-7458",2021-01-26 00:00:00.000,"07-117-6288",2,"35",7,69.38,"29"
"10-462-2908",2022-06-29 00:00:00.000,"98-667-2397",2,"64",13,125,"20"
"97-554-4987",2021-06-25 00:00:00.000,"14-111-5943",2,"21",4,75,"18"
"61-721-9793",2022-06-20 00:00:00.000,"21-055-2991",2,"59",12,310,"29"
"95-551-4400",2021-10-10 00:00:00.000,"31-360-2315",2,"16",4,190,"13"
"43-663-3135",2020-06-23 00:00:00.000,"45-104-2327",2,"50",1,168.27,"18"
"92-873-3440",2020-10-16 00:00:00.000,"82-197-4890",2,"42",3,93.13,"13"
"45-153-3592",2020-03-03 00:00:00.000,"54-078-7771",2,"62",1,91.84,"29"
"31-014-4239",2019-11-07 00:00:00.000,"87-182-2023",2,"4",12,52.08,"26"
"64-427-6469",2021-03-02 00:00:00.000,"01-646-4719",2,"30",9,125,"17"
"32-732-9550",2022-02-21 00:00:00.000,"96-936-2893",2,"14",15,75,"17"
"84-923-5585",2022-03-03 00:00:00.000,"04-213-6891",2,"49",3,320,"25"
"85-956-0185",2022-09-14 00:00:00.000,"80-992-8483",2,"35",14,190,"19"
"62-507-3661",2021-10-18 00:00:00.000,"28-076-4615",2,"66",11,168.27,"25"
"19-530-8425",2021-10-30 00:00:00.000,"96-672-3509",2,"27",8,144.09,"18"
"52-523-5327",2022-12-07 00:00:00.000,"28-108-0435",2,"52",13,91.84,"20"
"91-855-3626",2021-11-16 00:00:00.000,"94-096-1282",2,"41",1,52.08,"26"
"11-645-0948",2019-07-07 00:00:00.000,"41-128-9654",2,"35",2,69.38,"18"
"55-209-0374",2019-12-06 00:00:00.000,"41-371-0653",2,"71",11,75,"19"
"05-971-9045",2022-10-03 00:00:00.000,"54-536-6254",2,"1",14,320,"20"
"67-748-7876",2020-03-14 00:00:00.000,"71-721-5004",2,"37",6,310,"30"
"84-039-6634",2021-07-18 00:00:00.000,"43-167-6563",2,"13",8,168.27,"26"
"21-164-7722",2020-07-02 00:00:00.000,"80-680-2541",2,"44",10,144.09,"18"
"95-007-7718",2022-06-06 00:00:00.000,"20-619-2889",2,"19",13,93.13,"17"
"97-905-7691",2019-12-22 00:00:00.000,"81-070-8211",2,"36",4,52.08,"13"
"92-660-8297",2021-02-09 00:00:00.000,"91-235-3553",2,"68",7,69.38,"29"
"93-892-9924",2021-01-12 00:00:00.000,"53-865-0514",2,"18",2,125,"20"
"36-505-9404",2020-11-02 00:00:00.000,"13-549-8164",2,"21",10,320,"17"
"40-278-4324",2022-06-15 00:00:00.000,"53-208-7209",2,"48",15,310,"26"
"85-196-6451",2021-06-29 00:00:00.000,"15-968-4354",2,"26",12,190,"30"
"17-253-1197",2021-10-06 00:00:00.000,"50-685-3169",2,"16",3,144.09,"18"
"99-664-1580",2022-04-17 00:00:00.000,"23-082-9045",2,"39",5,93.13,"26"
"06-605-4865",2019-09-14 00:00:00.000,"52-201-2191",2,"39",13,91.84,"13"
"36-928-2921",2022-01-28 00:00:00.000,"66-300-2343",2,"14",2,69.38,"30"
"21-844-2539",2020-06-15 00:00:00.000,"42-165-1972",2,"44",6,125,"13"
"41-441-3097",2021-01-17 00:00:00.000,"81-334-5691",2,"72",3,75,"19"
"74-776-4460",2022-07-21 00:00:00.000,"10-047-1960",2,"37",2,310,"19"
"87-530-1190",2020-02-23 00:00:00.000,"39-999-0021",2,"64",3,190,"18"
"14-648-5507",2019-07-17 00:00:00.000,"36-331-2831",2,"12",8,168.27,"19"
"86-053-9440",2022-12-23 00:00:00.000,"85-127-4717",2,"24",11,93.13,"29"
"58-115-0437",2021-01-30 00:00:00.000,"06-831-0706",2,"61",8,91.84,"25"
"30-724-0380",2021-02-23 00:00:00.000,"31-856-0244",2,"23",6,52.08,"13"
"53-563-4345",2021-03-08 00:00:00.000,"95-339-8822",2,"66",6,125,"30"
"03-555-7951",2022-08-21 00:00:00.000,"80-277-5556",2,"43",11,75,"29"
"21-627-1027",2019-12-30 00:00:00.000,"55-441-4945",2,"17",15,320,"20"
"76-867-4343",2021-06-08 00:00:00.000,"96-628-9343",2,"23",2,190,"29"
"92-392-7061",2019-06-23 00:00:00.000,"48-951-1953",2,"7",6,168.27,"25"
"47-068-1396",2022-09-30 00:00:00.000,"23-233-9582",2,"58",6,144.09,"19"
"36-478-2126",2019-11-18 00:00:00.000,"07-158-6611",2,"45",2,91.84,"29"
"24-351-9777",2022-09-09 00:00:00.000,"49-436-2903",2,"43",15,52.08,"19"
"72-325-3096",2021-01-10 00:00:00.000,"28-494-9464",2,"23",8,69.38,"26"
"66-501-9308",2020-10-22 00:00:00.000,"43-303-6151",2,"1",9,75,"19"
"40-864-0766",2021-04-15 00:00:00.000,"34-231-0656",2,"39",10,320,"17"
"11-146-3342",2021-07-11 00:00:00.000,"82-442-4503",2,"38",8,310,"20"
"66-068-8313",2021-10-12 00:00:00.000,"91-484-8549",2,"64",10,168.27,"26"
"85-569-0097",2020-12-21 00:00:00.000,"40-946-4285",2,"60",5,144.09,"17"
"65-351-6434",2021-08-17 00:00:00.000,"90-876-6799",3,"34",1,75,"25"
"36-917-2834",2021-08-14 00:00:00.000,"73-873-4827",3,"25",5,220,"19"
"56-271-4185",2021-10-09 00:00:00.000,"83-800-4789",3,"26",2,225,"17"
"23-582-1221",2019-07-20 00:00:00.000,"04-699-2162",3,"27",15,168.27,"26"
"61-057-1975",2022-06-26 00:00:00.000,"72-013-3529",3,"64",4,101.6,"25"
"05-410-4163",2020-09-30 00:00:00.000,"75-558-6855",3,"5",8,133.17,"17"
"69-780-6998",2020-04-14 00:00:00.000,"83-988-2186",3,"8",6,69.38,"26"
"45-989-0711",2020-04-24 00:00:00.000,"66-386-4902",3,"30",8,119.8,"25"
"56-331-9919",2021-11-03 00:00:00.000,"72-417-9175",3,"27",8,220,"17"
"00-465-7031",2020-08-25 00:00:00.000,"84-300-6499",3,"9",7,310,"13"
"01-975-7149",2021-04-22 00:00:00.000,"93-913-0650",3,"66",11,225,"19"
"87-939-7467",2021-04-02 00:00:00.000,"45-879-0850",3,"42",7,101.6,"19"
"35-988-0040",2019-08-10 00:00:00.000,"55-516-2272",3,"60",14,91.84,"17"
"60-197-5739",2022-02-27 00:00:00.000,"79-227-9821",3,"44",6,133.17,"29"
"29-601-2712",2021-01-27 00:00:00.000,"07-925-9556",3,"2",3,119.8,"20"
"48-873-2607",2019-09-29 00:00:00.000,"77-064-4656",3,"10",9,75,"17"
"46-671-2432",2022-04-13 00:00:00.000,"29-631-4932",3,"71",9,220,"17"
"87-546-5058",2021-06-13 00:00:00.000,"19-112-3031",3,"38",10,225,"13"
"17-146-9681",2022-12-02 00:00:00.000,"03-575-7094",3,"47",6,168.27,"20"
"76-063-7709",2019-12-16 00:00:00.000,"83-465-8495",3,"44",6,124.62,"20"
"83-499-1350",2022-08-12 00:00:00.000,"66-683-1761",3,"8",13,44.57,"25"
"42-906-2475",2021-10-11 00:00:00.000,"96-883-5571",3,"14",2,52.08,"29"
"90-989-2851",2020-08-24 00:00:00.000,"59-450-2625",3,"16",7,83.99,"29"
"09-019-6593",2019-11-03 00:00:00.000,"60-742-1416",3,"6",6,235,"26"
"55-263-8669",2021-09-06 00:00:00.000,"00-988-1489",3,"65",9,320,"30"
"75-655-7346",2020-08-30 00:00:00.000,"80-467-4735",3,"71",14,210,"26"
"58-064-3049",2019-08-15 00:00:00.000,"93-710-1150",3,"13",11,98,"13"
"56-933-2115",2022-05-15 00:00:00.000,"17-162-2135",3,"13",13,144.09,"17"
"14-210-2413",2021-06-06 00:00:00.000,"08-581-0238",3,"31",8,101.6,"13"
"58-287-7773",2019-07-17 00:00:00.000,"22-744-2112",3,"25",10,133.17,"20"
"40-107-4974",2022-07-06 00:00:00.000,"72-486-1808",3,"9",15,69.38,"25"
"46-301-6761",2020-07-01 00:00:00.000,"40-931-4451",3,"13",9,119.8,"20"
"69-624-5454",2019-10-30 00:00:00.000,"73-000-6730",3,"63",3,220,"29"
"36-779-8330",2019-11-01 00:00:00.000,"45-670-3073",3,"64",11,310,"19"
"89-464-8624",2019-09-13 00:00:00.000,"22-817-6388",3,"47",14,225,"30"
"55-734-7101",2022-02-20 00:00:00.000,"27-350-6986",3,"9",3,124.62,"19"
"64-569-9390",2021-12-12 00:00:00.000,"00-381-6823",3,"66",12,93.13,"17"
"92-282-7155",2020-02-28 00:00:00.000,"59-261-5057",3,"9",10,44.57,"18"
"52-071-2704",2022-08-11 00:00:00.000,"80-644-1720",3,"25",11,83.99,"18"
"22-904-5860",2020-02-26 00:00:00.000,"96-606-2380",3,"13",10,125,"25"
"07-113-3748",2022-12-13 00:00:00.000,"82-632-3278",3,"29",13,235,"19"
"28-608-5137",2020-03-10 00:00:00.000,"91-467-3717",3,"54",5,210,"26"
"78-407-9810",2022-09-19 00:00:00.000,"89-643-5055",3,"60",11,190,"29"
"57-417-7291",2022-07-17 00:00:00.000,"60-477-3944",3,"31",8,98,"18"
"76-705-8000",2022-06-14 00:00:00.000,"73-981-1213",3,"45",11,101.6,"17"
"98-889-5403",2020-01-17 00:00:00.000,"09-129-7277",3,"44",12,91.84,"29"
"12-128-2576",2021-10-03 00:00:00.000,"17-656-8981",3,"19",9,133.17,"18"
"70-424-5723",2022-08-02 00:00:00.000,"81-515-1278",3,"14",1,119.8,"29"
"01-423-8434",2022-10-03 00:00:00.000,"84-031-0794",3,"46",8,75,"29"
"31-340-1373",2021-09-26 00:00:00.000,"07-457-0443",3,"48",1,220,"29"
"86-161-8508",2022-08-05 00:00:00.000,"30-668-7438",3,"70",1,225,"18"
"40-192-8164",2021-08-11 00:00:00.000,"73-965-2661",3,"54",1,168.27,"18"
"53-585-4586",2020-07-06 00:00:00.000,"65-465-1137",3,"60",10,124.62,"20"
"64-446-6092",2021-02-04 00:00:00.000,"21-950-4765",3,"50",1,44.57,"19"
"46-892-9399",2021-10-14 00:00:00.000,"58-570-3984",3,"11",7,52.08,"19"
"74-302-4817",2022-12-09 00:00:00.000,"65-987-4463",3,"60",10,83.99,"29"
"36-816-5383",2022-09-27 00:00:00.000,"98-956-4430",3,"1",6,235,"19"
"61-841-5883",2022-11-14 00:00:00.000,"44-048-2898",3,"34",5,320,"20"
"83-924-4913",2019-09-14 00:00:00.000,"92-325-4771",3,"64",6,210,"26"
"13-018-1111",2021-06-26 00:00:00.000,"40-571-6226",3,"12",13,98,"26"
"59-380-4206",2020-09-30 00:00:00.000,"14-852-2100",3,"36",4,144.09,"20"
"21-039-2999",2022-02-14 00:00:00.000,"82-288-9392",3,"44",6,101.6,"20"
"45-033-9684",2021-04-29 00:00:00.000,"22-453-6603",3,"15",6,133.17,"20"
"29-773-5797",2021-09-15 00:00:00.000,"73-427-9774",3,"69",6,69.38,"17"
"19-768-2646",2021-05-21 00:00:00.000,"41-082-7417",3,"29",8,119.8,"18"
"31-121-8822",2021-02-24 00:00:00.000,"94-865-3366",3,"59",13,220,"17"
"11-397-2150",2020-07-15 00:00:00.000,"99-109-2353",3,"67",4,310,"30"
"07-322-4153",2020-03-05 00:00:00.000,"73-175-9496",3,"48",7,225,"19"
"40-168-4233",2020-09-22 00:00:00.000,"84-403-5215",3,"57",3,124.62,"25"
"64-141-5718",2020-08-01 00:00:00.000,"11-127-1413",3,"13",15,93.13,"25"
"35-427-7418",2020-04-26 00:00:00.000,"38-352-8049",3,"26",6,44.57,"29"
"25-093-8535",2022-04-02 00:00:00.000,"68-082-3942",3,"44",11,83.99,"18"
"06-887-6332",2022-02-27 00:00:00.000,"52-934-7220",3,"61",8,125,"20"
"11-835-2932",2019-10-25 00:00:00.000,"00-435-7006",3,"14",11,235,"26"
"89-513-4206",2022-07-18 00:00:00.000,"70-480-2781",3,"49",12,210,"19"
"82-589-4385",2020-06-19 00:00:00.000,"71-561-5133",3,"24",5,190,"18"
"79-638-3210",2021-07-05 00:00:00.000,"92-135-9201",3,"60",15,98,"13"
"56-195-4013",2022-06-21 00:00:00.000,"96-259-0479",3,"51",1,101.6,"25"
"89-997-5952",2019-12-21 00:00:00.000,"80-325-0206",3,"48",2,91.84,"29"
"98-148-9592",2021-08-05 00:00:00.000,"90-508-0061",3,"65",15,133.17,"25"
"90-878-2657",2020-11-29 00:00:00.000,"03-215-3959",3,"50",11,119.8,"26"
"38-478-1265",2021-06-04 00:00:00.000,"80-658-1730",3,"66",12,75,"20"
"42-829-4772",2022-12-04 00:00:00.000,"35-344-7124",3,"35",9,220,"30"
"73-455-3435",2022-05-05 00:00:00.000,"57-489-1320",3,"3",11,225,"17"
"22-501-9215",2020-06-28 00:00:00.000,"55-267-3235",3,"48",10,168.27,"13"
"53-401-6179",2021-01-07 00:00:00.000,"30-073-5505",3,"53",10,124.62,"17"
"31-593-0632",2022-07-07 00:00:00.000,"90-627-6303",3,"47",5,44.57,"19"
"88-367-5894",2021-03-24 00:00:00.000,"97-708-6756",3,"7",9,52.08,"26"
"97-219-4069",2021-11-24 00:00:00.000,"32-836-5069",3,"55",10,83.99,"19"
"86-275-9654",2020-09-30 00:00:00.000,"14-998-1300",3,"11",7,235,"17"
"01-855-8188",2021-02-19 00:00:00.000,"68-435-7756",3,"30",5,320,"26"
"28-341-5469",2021-07-25 00:00:00.000,"06-346-0589",3,"41",14,210,"20"
"89-285-0567",2022-06-11 00:00:00.000,"33-155-2546",3,"36",1,98,"18"
"72-099-2457",2020-06-15 00:00:00.000,"44-352-4880",3,"27",4,144.09,"25"
"08-483-5677",2021-04-29 00:00:00.000,"29-581-4956",3,"54",1,101.6,"18"
"21-104-5976",2022-01-08 00:00:00.000,"27-928-3810",3,"66",9,133.17,"18"
"91-163-7915",2022-06-29 00:00:00.000,"16-061-3868",3,"64",10,69.38,"19"
"58-419-3322",2021-02-20 00:00:00.000,"76-663-5204",3,"47",2,119.8,"25"
"47-441-1628",2022-11-07 00:00:00.000,"46-863-0685",3,"18",8,220,"18"
"77-827-0603",2019-09-30 00:00:00.000,"78-169-2461",3,"39",9,310,"20"
"54-555-7832",2020-06-04 00:00:00.000,"73-374-8667",3,"25",15,225,"30"
"75-883-4614",2020-07-04 00:00:00.000,"26-608-5179",3,"48",4,124.62,"26"
"14-376-2485",2021-06-13 00:00:00.000,"33-532-7457",3,"58",6,93.13,"30"
"58-251-6487",2021-01-23 00:00:00.000,"37-472-2855",3,"13",1,44.57,"29"
"73-985-2542",2020-01-01 00:00:00.000,"68-514-7375",3,"66",14,83.99,"29"
"92-795-7087",2021-07-29 00:00:00.000,"85-427-4404",3,"48",7,125,"20"
"78-352-3174",2019-10-03 00:00:00.000,"97-050-8120",3,"65",12,235,"26"
"33-541-8718",2021-09-11 00:00:00.000,"38-821-9223",3,"14",6,210,"17"
"71-485-0830",2020-04-25 00:00:00.000,"58-972-0413",3,"19",11,190,"19"
"82-422-7097",2021-03-21 00:00:00.000,"60-024-5912",3,"9",14,98,"18"
"67-816-5527",2022-09-23 00:00:00.000,"72-151-8614",3,"41",3,101.6,"13"
"15-260-9895",2020-07-20 00:00:00.000,"62-555-9031",3,"53",8,91.84,"20"
"87-409-2090",2022-05-24 00:00:00.000,"61-290-1464",3,"43",3,133.17,"17"
"96-173-6690",2021-04-01 00:00:00.000,"54-610-9376",3,"34",4,119.8,"13"
"22-697-0930",2022-02-21 00:00:00.000,"44-527-5077",3,"41",10,75,"29"
"75-463-0491",2020-01-10 00:00:00.000,"45-196-5583",3,"31",3,220,"18"
"56-184-4508",2020-03-12 00:00:00.000,"00-806-0662",3,"35",8,225,"18"
"39-201-1204",2019-09-29 00:00:00.000,"79-307-3578",3,"24",1,168.27,"26"
"29-546-8618",2020-05-18 00:00:00.000,"87-579-7924",3,"70",7,124.62,"18"
"90-317-7928",2020-06-04 00:00:00.000,"42-982-8925",3,"24",6,44.57,"13"
"97-004-1775",2020-11-01 00:00:00.000,"84-107-5872",3,"18",11,52.08,"19"
"87-763-3059",2021-06-21 00:00:00.000,"28-301-5131",3,"49",14,83.99,"26"
"61-533-3161",2022-04-05 00:00:00.000,"34-306-8680",3,"47",2,235,"29"
"63-555-6345",2020-09-20 00:00:00.000,"98-945-3693",3,"56",15,320,"13"
"65-249-5260",2019-09-05 00:00:00.000,"63-572-7482",3,"41",10,210,"20"
"74-603-8937",2022-08-19 00:00:00.000,"28-599-7053",3,"57",9,98,"20"
"13-698-5271",2019-12-11 00:00:00.000,"67-121-1555",3,"9",6,144.09,"19"
"27-295-8802",2021-07-26 00:00:00.000,"01-010-4453",3,"7",12,101.6,"19"
"78-214-6816",2020-02-24 00:00:00.000,"26-401-4662",3,"26",15,133.17,"20"
"49-368-5121",2021-10-18 00:00:00.000,"06-566-4150",3,"21",5,69.38,"25"
"12-718-1501",2020-06-05 00:00:00.000,"44-371-9315",3,"30",7,119.8,"19"
"03-464-8128",2021-09-30 00:00:00.000,"66-302-7863",3,"2",12,220,"19"
"45-780-6744",2022-03-05 00:00:00.000,"94-518-3950",3,"38",2,310,"29"
"75-714-6097",2019-10-03 00:00:00.000,"51-263-4679",3,"64",9,225,"29"
"09-058-1844",2022-09-21 00:00:00.000,"15-509-1414",3,"53",8,124.62,"26"
"74-339-3540",2020-05-06 00:00:00.000,"04-641-1747",3,"32",5,93.13,"29"
"17-708-5350",2021-11-08 00:00:00.000,"98-778-3557",3,"22",5,44.57,"19"
"33-894-6676",2020-11-25 00:00:00.000,"94-324-2649",3,"56",1,83.99,"20"
"74-346-3086",2022-01-11 00:00:00.000,"86-735-3061",3,"17",14,125,"18"
"22-401-7510",2022-09-18 00:00:00.000,"95-153-0059",3,"20",9,235,"29"
"08-309-3649",2021-02-26 00:00:00.000,"90-874-3974",3,"10",10,210,"20"
"26-281-8125",2020-11-30 00:00:00.000,"45-809-5759",3,"18",2,190,"20"
"55-676-1998",2022-05-27 00:00:00.000,"59-553-0874",3,"46",10,98,"29"
"24-502-2774",2021-04-30 00:00:00.000,"65-949-4674",3,"27",10,101.6,"17"
"01-715-3869",2022-03-13 00:00:00.000,"85-164-1355",3,"12",4,91.84,"25"
"51-349-8226",2021-08-14 00:00:00.000,"67-170-9130",3,"27",9,133.17,"29"
"29-587-2527",2020-10-12 00:00:00.000,"51-918-5148",3,"2",15,119.8,"29"
"23-898-9055",2022-10-31 00:00:00.000,"70-288-8972",3,"42",1,75,"18"
"64-918-4744",2019-09-16 00:00:00.000,"32-854-1763",3,"32",15,220,"18"
"27-600-6800",2022-07-23 00:00:00.000,"64-729-1878",3,"67",1,225,"17"
"83-217-3894",2021-03-09 00:00:00.000,"18-607-5868",3,"6",11,168.27,"19"
"18-136-6969",2020-09-05 00:00:00.000,"09-799-7986",3,"70",10,124.62,"29"
"19-156-3010",2019-10-01 00:00:00.000,"88-753-2311",3,"19",4,44.57,"20"
"25-912-8989",2022-07-09 00:00:00.000,"65-570-0362",3,"58",13,52.08,"26"
"71-197-3844",2022-06-21 00:00:00.000,"08-227-7061",3,"71",4,83.99,"30"
"53-068-3680",2020-11-08 00:00:00.000,"89-492-9791",3,"54",5,235,"30"
"52-152-3371",2021-08-14 00:00:00.000,"83-012-9386",3,"72",13,320,"30"
"76-201-5085",2020-04-18 00:00:00.000,"69-118-4914",3,"56",6,210,"29"
"40-486-8511",2021-10-10 00:00:00.000,"79-477-1193",3,"15",8,98,"18"
"11-769-7584",2021-12-25 00:00:00.000,"50-079-2328",3,"37",9,144.09,"25"
"37-255-6435",2020-11-30 00:00:00.000,"77-348-8809",3,"68",1,101.6,"19"
"11-446-2659",2022-09-02 00:00:00.000,"83-395-8326",3,"64",3,133.17,"20"
"93-409-8648",2021-02-04 00:00:00.000,"26-438-8798",3,"26",7,69.38,"26"
"53-504-3875",2021-09-16 00:00:00.000,"36-618-6589",3,"15",10,119.8,"29"
"59-023-1187",2020-10-27 00:00:00.000,"63-547-7404",3,"54",5,220,"18"
"69-562-1762",2022-02-24 00:00:00.000,"37-335-7316",3,"24",1,310,"17"
"68-365-1512",2020-04-04 00:00:00.000,"04-810-9943",3,"24",13,225,"20"
"67-382-6166",2019-10-09 00:00:00.000,"31-388-0154",3,"64",1,124.62,"19"
"89-306-1133",2019-08-08 00:00:00.000,"80-987-8100",3,"32",8,93.13,"13"
"78-692-7008",2021-04-17 00:00:00.000,"60-508-6117",3,"18",2,44.57,"25"
"40-429-8594",2019-08-15 00:00:00.000,"18-790-4326",3,"12",2,83.99,"13"
"37-103-3005",2019-08-06 00:00:00.000,"07-589-4558",3,"34",8,125,"26"
"76-763-0657",2022-05-06 00:00:00.000,"42-806-9893",3,"30",6,235,"19"
"23-082-1065",2022-01-20 00:00:00.000,"63-919-4250",3,"39",12,210,"19"
"98-115-7191",2021-06-20 00:00:00.000,"34-259-4548",3,"45",15,190,"25"
"43-566-9850",2019-10-01 00:00:00.000,"39-359-4391",3,"57",2,98,"29"
"91-006-3876",2022-08-09 00:00:00.000,"77-254-9655",3,"3",8,101.6,"20"
"84-707-3314",2020-10-20 00:00:00.000,"66-441-5150",3,"39",15,91.84,"20"
"63-500-9286",2021-01-02 00:00:00.000,"28-196-8983",3,"12",13,133.17,"26"
"26-231-8897",2022-05-12 00:00:00.000,"75-904-5534",3,"60",14,119.8,"25"
"25-339-5566",2020-09-10 00:00:00.000,"32-426-3513",3,"61",12,75,"26"
"35-587-5940",2019-08-27 00:00:00.000,"67-522-8690",3,"59",9,220,"26"
"80-258-5757",2020-05-28 00:00:00.000,"49-298-2216",3,"3",11,225,"19"
"80-784-2924",2021-03-03 00:00:00.000,"77-493-2198",3,"57",14,168.27,"17"
"12-371-9369",2020-10-02 00:00:00.000,"61-286-3086",3,"52",3,124.62,"26"
"24-339-0545",2022-09-12 00:00:00.000,"58-027-4960",3,"37",9,44.57,"19"
"55-619-8849",2022-04-27 00:00:00.000,"15-547-7156",3,"36",3,52.08,"29"
"06-705-6026",2021-10-12 00:00:00.000,"77-585-5912",3,"68",10,83.99,"29"
"80-890-3871",2019-12-06 00:00:00.000,"06-514-5687",3,"28",4,235,"19"
"08-940-9111",2022-09-22 00:00:00.000,"95-643-4919",3,"2",9,320,"19"
"41-597-5931",2022-05-29 00:00:00.000,"22-174-9688",3,"42",5,210,"17"
"90-478-9446",2019-07-03 00:00:00.000,"82-587-1933",3,"12",5,98,"20"
"27-774-9457",2021-01-04 00:00:00.000,"53-761-3433",3,"48",1,144.09,"18"
"87-292-9640",2022-04-09 00:00:00.000,"57-007-8529",3,"54",13,101.6,"30"
"09-923-6077",2021-08-26 00:00:00.000,"56-311-7903",3,"58",7,133.17,"13"
"88-109-5070",2022-06-03 00:00:00.000,"12-180-4369",3,"6",7,69.38,"18"
"46-796-5628",2020-10-28 00:00:00.000,"29-590-2171",3,"52",5,119.8,"19"
"84-976-0893",2019-10-30 00:00:00.000,"91-647-4130",3,"72",12,220,"17"
"72-823-6963",2020-03-03 00:00:00.000,"98-374-2865",3,"29",10,310,"26"
"82-090-4450",2019-06-27 00:00:00.000,"01-560-0809",3,"9",3,225,"20"
"92-833-3271",2019-12-11 00:00:00.000,"94-479-0084",3,"22",5,124.62,"19"
"61-097-0206",2020-10-25 00:00:00.000,"69-254-9529",3,"31",11,93.13,"25"
"58-326-4792",2020-05-03 00:00:00.000,"49-045-3798",3,"60",2,44.57,"30"
"80-768-1365",2021-05-16 00:00:00.000,"64-494-1301",3,"46",11,83.99,"18"
"30-124-4774",2020-02-05 00:00:00.000,"84-872-5897",3,"46",8,125,"20"
"61-509-9344",2021-02-13 00:00:00.000,"23-245-6549",3,"19",3,235,"29"
"25-621-0618",2020-05-21 00:00:00.000,"79-553-1254",3,"36",9,210,"18"
"31-405-1090",2021-12-27 00:00:00.000,"80-827-8013",3,"56",8,190,"19"
"47-102-5062",2019-09-14 00:00:00.000,"20-741-4330",3,"19",3,98,"29"
"21-743-3530",2019-12-23 00:00:00.000,"98-463-7157",3,"12",13,101.6,"26"
"47-084-5361",2021-10-09 00:00:00.000,"94-189-0780",3,"41",11,91.84,"19"
"30-601-0133",2022-02-05 00:00:00.000,"25-816-5806",3,"53",15,133.17,"19"
"98-646-1456",2022-06-28 00:00:00.000,"00-896-7289",3,"46",14,119.8,"26"
"45-436-6764",2020-07-31 00:00:00.000,"79-104-5654",3,"54",5,75,"18"
"69-254-6693",2020-03-02 00:00:00.000,"75-667-5377",3,"58",1,220,"17"
"09-522-5385",2019-10-17 00:00:00.000,"83-660-8060",3,"52",12,225,"25"
"46-773-9492",2022-11-15 00:00:00.000,"84-559-2630",3,"41",14,168.27,"20"
"85-559-9663",2020-07-30 00:00:00.000,"03-883-9835",3,"43",13,124.62,"29"
"32-596-3017",2021-12-06 00:00:00.000,"46-633-0361",3,"11",12,44.57,"18"
"02-211-2785",2021-09-09 00:00:00.000,"68-296-9308",3,"60",13,52.08,"13"
"35-884-9148",2020-04-18 00:00:00.000,"27-342-8219",3,"61",2,83.99,"19"
"60-600-4172",2020-01-02 00:00:00.000,"28-838-2563",3,"72",12,235,"29"
"67-799-1881",2021-08-09 00:00:00.000,"28-808-0517",3,"72",12,320,"20"
"34-061-0340",2019-09-11 00:00:00.000,"82-932-8304",3,"18",10,210,"25"
"65-329-2436",2021-11-24 00:00:00.000,"23-605-5942",3,"28",2,98,"29"
"92-610-5614",2022-08-01 00:00:00.000,"27-913-7247",3,"42",10,144.09,"18"
"43-918-0203",2022-07-07 00:00:00.000,"48-898-3804",3,"63",9,101.6,"19"
"27-252-7456",2022-10-15 00:00:00.000,"47-423-8685",3,"55",12,133.17,"18"
"42-108-7287",2020-06-22 00:00:00.000,"33-208-6770",3,"64",14,69.38,"26"
"90-122-2737",2020-08-03 00:00:00.000,"25-056-4351",3,"18",13,119.8,"20"
"77-165-4390",2020-02-04 00:00:00.000,"14-150-3681",3,"59",7,220,"29"
"03-039-5845",2020-04-22 00:00:00.000,"50-471-6999",3,"65",1,310,"17"
"31-955-7364",2020-07-05 00:00:00.000,"74-924-9475",3,"66",4,225,"18"
"96-049-6957",2021-09-07 00:00:00.000,"55-446-0184",3,"10",4,124.62,"18"
"35-326-1148",2022-08-29 00:00:00.000,"63-009-8189",3,"60",8,93.13,"26"
"11-244-2193",2020-04-02 00:00:00.000,"71-643-1944",3,"2",7,44.57,"18"
"91-690-3480",2020-05-16 00:00:00.000,"11-549-7666",3,"11",5,83.99,"29"
"44-379-6825",2021-11-22 00:00:00.000,"03-512-0082",3,"72",8,125,"20"
"53-925-0103",2021-10-21 00:00:00.000,"00-352-9063",3,"33",12,235,"26"
"09-229-1754",2022-01-26 00:00:00.000,"81-464-9164",3,"52",3,210,"19"
"59-971-2896",2019-08-23 00:00:00.000,"50-753-5196",3,"30",7,190,"17"
"76-746-0202",2022-02-05 00:00:00.000,"37-149-1807",3,"23",14,98,"19"
"00-799-3091",2021-09-26 00:00:00.000,"46-324-1886",3,"10",15,101.6,"20"
"61-622-8419",2019-10-21 00:00:00.000,"02-156-3419",3,"27",13,91.84,"17"
"83-547-0450",2021-04-24 00:00:00.000,"71-908-5082",3,"38",1,133.17,"18"
"16-609-1782",2019-11-28 00:00:00.000,"22-414-3931",3,"56",2,119.8,"26"
"67-009-1409",2020-10-16 00:00:00.000,"15-086-9086",3,"25",3,75,"25"
"83-687-4769",2021-09-26 00:00:00.000,"34-839-6626",3,"32",8,220,"20"
"16-386-7757",2021-07-29 00:00:00.000,"33-882-5916",3,"18",15,225,"17"
"22-001-6016",2019-08-27 00:00:00.000,"41-356-7756",3,"9",11,168.27,"17"
"58-149-3499",2021-08-14 00:00:00.000,"15-038-3835",3,"60",5,124.62,"25"
"70-365-1885",2020-08-15 00:00:00.000,"46-402-7692",3,"40",6,44.57,"17"
"84-007-9095",2020-10-14 00:00:00.000,"14-396-6788",3,"52",4,52.08,"20"
"70-276-7176",2022-10-02 00:00:00.000,"58-991-4580",3,"39",12,83.99,"26"
"22-867-9098",2021-09-17 00:00:00.000,"49-464-9139",3,"51",15,235,"18"
"62-201-9287",2019-06-26 00:00:00.000,"05-480-9942",3,"27",2,320,"17"
"86-227-8811",2022-11-26 00:00:00.000,"95-306-3083",3,"57",13,210,"20"
"46-627-8981",2020-08-22 00:00:00.000,"63-400-1629",3,"31",6,98,"26"
"87-766-3663",2020-10-27 00:00:00.000,"81-476-1236",3,"65",5,144.09,"19"
"28-376-6551",2021-11-28 00:00:00.000,"91-908-8699",3,"31",9,101.6,"30"
"83-262-1365",2020-04-28 00:00:00.000,"90-423-2784",3,"60",14,133.17,"19"
"51-493-6866",2022-01-24 00:00:00.000,"45-272-9855",3,"42",10,69.38,"18"
"95-935-6126",2021-06-08 00:00:00.000,"11-687-7365",3,"1",11,119.8,"29"
"80-720-7802",2022-04-03 00:00:00.000,"52-993-1145",3,"31",14,220,"18"
"86-668-1105",2021-07-17 00:00:00.000,"19-291-5558",3,"59",11,310,"26"
"05-024-1112",2022-11-27 00:00:00.000,"57-799-5797",3,"59",10,225,"17"
"23-824-2201",2020-01-14 00:00:00.000,"62-551-8160",3,"23",2,124.62,"17"
"54-322-1808",2020-09-08 00:00:00.000,"78-757-0953",3,"21",9,93.13,"17"
"43-850-7830",2022-03-14 00:00:00.000,"14-188-9770",3,"36",2,44.57,"13"
"43-634-6121",2022-09-22 00:00:00.000,"11-586-9495",3,"54",11,83.99,"26"
"50-747-1156",2021-03-16 00:00:00.000,"39-702-3793",3,"41",8,125,"19"
"29-600-4791",2020-08-31 00:00:00.000,"88-988-5357",3,"72",9,235,"20"
"99-862-6759",2021-12-26 00:00:00.000,"36-850-2399",3,"57",1,210,"25"
"90-359-2449",2022-08-21 00:00:00.000,"83-549-0652",3,"68",11,190,"13"
"23-153-9991",2020-12-19 00:00:00.000,"44-311-9619",3,"58",3,98,"17"
"22-906-5872",2022-04-19 00:00:00.000,"71-801-5063",3,"65",3,101.6,"17"
"40-476-8892",2021-01-22 00:00:00.000,"57-157-8353",3,"2",1,91.84,"25"
"86-606-8047",2021-05-27 00:00:00.000,"30-847-7835",3,"58",3,133.17,"17"
"44-969-2805",2019-09-02 00:00:00.000,"76-335-3399",3,"64",9,119.8,"25"
"38-295-3172",2020-12-24 00:00:00.000,"72-152-2430",3,"66",6,75,"18"
"66-679-8766",2021-07-03 00:00:00.000,"61-623-7377",3,"65",3,220,"26"
"46-072-3557",2021-05-22 00:00:00.000,"03-547-5984",3,"38",15,225,"26"
"33-671-4773",2019-07-08 00:00:00.000,"95-631-7257",3,"26",4,168.27,"20"
"38-694-5330",2022-10-29 00:00:00.000,"17-578-7660",3,"5",8,124.62,"19"
"49-961-9885",2022-05-13 00:00:00.000,"98-336-1192",3,"38",5,44.57,"20"
"37-656-4777",2021-09-12 00:00:00.000,"85-451-7757",3,"38",8,52.08,"19"
"65-432-1983",2021-07-19 00:00:00.000,"09-340-5529",3,"31",3,83.99,"29"
"01-879-8004",2021-07-28 00:00:00.000,"27-611-0020",3,"4",3,235,"17"
"43-720-3267",2020-07-17 00:00:00.000,"37-076-7913",3,"21",2,320,"29"
"60-009-2815",2021-09-28 00:00:00.000,"46-123-3292",3,"66",15,210,"25"
"30-032-8406",2020-07-23 00:00:00.000,"21-910-6325",3,"33",13,98,"18"
"89-535-2329",2021-02-12 00:00:00.000,"12-760-8688",3,"37",12,144.09,"25"
"10-141-0121",2022-01-06 00:00:00.000,"20-910-8042",3,"7",10,101.6,"17"
"00-822-8333",2021-04-12 00:00:00.000,"40-189-3632",3,"22",3,133.17,"20"
"72-306-1723",2020-07-01 00:00:00.000,"67-746-6460",3,"69",2,69.38,"17"
"53-622-3155",2021-05-03 00:00:00.000,"44-431-8932",3,"71",11,119.8,"19"
"51-287-9364",2021-11-22 00:00:00.000,"14-346-3203",3,"35",12,220,"25"
"09-481-5023",2019-10-23 00:00:00.000,"44-900-5794",3,"69",4,310,"26"
"76-437-5698",2020-01-05 00:00:00.000,"42-905-5328",3,"19",13,225,"17"
"77-367-2436",2021-08-03 00:00:00.000,"42-607-3260",3,"8",3,124.62,"26"
"30-205-9759",2020-06-19 00:00:00.000,"19-601-3865",3,"3",7,93.13,"13"
"87-503-4703",2020-06-25 00:00:00.000,"47-264-6899",3,"56",14,44.57,"29"
"65-485-7254",2020-08-15 00:00:00.000,"95-331-1993",3,"51",13,83.99,"17"
"97-623-6572",2022-01-22 00:00:00.000,"38-609-7229",3,"12",2,125,"20"
"79-946-2742",2022-01-30 00:00:00.000,"03-331-1028",3,"14",8,235,"25"
"30-790-3083",2020-09-11 00:00:00.000,"77-281-8756",3,"11",4,210,"18"
"71-828-3556",2019-06-26 00:00:00.000,"68-814-7130",3,"5",8,190,"18"
"51-420-8292",2021-01-24 00:00:00.000,"32-736-6261",3,"47",3,98,"26"
"11-997-6382",2022-09-05 00:00:00.000,"48-853-9332",3,"31",12,101.6,"29"
"61-729-8958",2020-01-04 00:00:00.000,"50-376-1116",3,"69",7,91.84,"17"
"75-786-1124",2020-01-24 00:00:00.000,"20-180-7160",3,"18",4,133.17,"29"
"56-775-4607",2020-05-07 00:00:00.000,"99-823-8050",3,"38",10,119.8,"19"
"26-461-5577",2021-07-06 00:00:00.000,"41-836-7896",3,"59",9,75,"19"
"30-715-2573",2020-10-06 00:00:00.000,"77-952-2629",3,"62",14,220,"26"
"61-501-5110",2020-04-07 00:00:00.000,"03-350-0766",3,"55",2,225,"20"
"79-850-0887",2021-03-17 00:00:00.000,"53-501-6288",3,"34",3,168.27,"19"
"31-302-3952",2020-11-24 00:00:00.000,"06-093-4453",3,"24",11,124.62,"25"
"30-117-6174",2022-09-15 00:00:00.000,"60-917-4254",3,"56",12,44.57,"25"
"68-391-0908",2022-08-14 00:00:00.000,"79-877-0995",3,"25",10,52.08,"30"
"54-501-1389",2020-03-27 00:00:00.000,"35-922-4096",3,"27",12,83.99,"19"
"81-491-8325",2021-10-14 00:00:00.000,"42-820-6751",3,"45",15,235,"13"
"88-109-8460",2020-02-11 00:00:00.000,"48-656-3310",3,"18",3,320,"19"
"19-281-5590",2020-07-04 00:00:00.000,"07-805-8279",3,"40",4,210,"17"
"29-577-3059",2022-05-18 00:00:00.000,"58-897-9539",3,"18",15,98,"18"
"02-732-6800",2022-12-07 00:00:00.000,"95-863-7435",3,"61",5,144.09,"17"
"50-475-9958",2019-08-20 00:00:00.000,"85-315-2081",3,"50",2,101.6,"25"
"80-984-7751",2022-01-23 00:00:00.000,"91-387-2469",3,"34",15,133.17,"19"
"40-081-7496",2020-12-03 00:00:00.000,"50-466-7631",3,"12",4,69.38,"17"
"54-413-3195",2022-06-14 00:00:00.000,"41-164-0757",3,"13",2,119.8,"29"
"47-940-7720",2020-02-05 00:00:00.000,"43-976-6171",3,"35",10,220,"29"
"40-708-8263",2021-05-27 00:00:00.000,"80-279-3555",3,"13",8,310,"29"
"19-798-0585",2021-09-18 00:00:00.000,"34-747-6973",3,"34",9,225,"29"
"50-030-7130",2020-06-15 00:00:00.000,"05-685-7660",3,"40",6,124.62,"17"
"65-919-0733",2019-06-26 00:00:00.000,"40-270-8030",3,"25",11,93.13,"20"
"71-925-2450",2020-06-08 00:00:00.000,"59-072-5051",3,"38",4,44.57,"26"
"62-086-4242",2021-04-26 00:00:00.000,"46-049-5828",3,"55",7,83.99,"18"
"73-375-8634",2020-05-31 00:00:00.000,"71-750-9970",3,"37",4,125,"17"
"96-458-9557",2020-05-14 00:00:00.000,"18-073-6715",3,"52",7,235,"17"
"06-075-0174",2019-09-09 00:00:00.000,"29-219-2253",3,"29",1,210,"29"
"02-715-2965",2022-10-26 00:00:00.000,"59-575-5435",3,"12",3,190,"25"
"82-505-2050",2020-07-25 00:00:00.000,"65-481-0473",3,"24",8,98,"26"
"36-898-0004",2020-02-11 00:00:00.000,"80-692-1577",3,"40",13,101.6,"18"
"58-753-8307",2021-07-14 00:00:00.000,"37-845-3065",3,"39",3,91.84,"30"
"47-612-6340",2020-03-27 00:00:00.000,"81-488-4385",3,"48",8,133.17,"19"
"37-675-7898",2021-04-12 00:00:00.000,"34-942-9341",3,"66",11,119.8,"25"
"95-666-2867",2019-11-17 00:00:00.000,"55-350-7166",3,"69",11,75,"18"
"24-934-3291",2021-01-14 00:00:00.000,"44-464-5517",3,"68",1,220,"29"
"24-314-4867",2021-11-16 00:00:00.000,"38-865-5715",3,"46",15,225,"29"
"65-262-1387",2020-12-04 00:00:00.000,"42-475-0558",3,"70",10,168.27,"30"
"69-817-7678",2022-07-11 00:00:00.000,"37-704-3505",3,"2",6,124.62,"25"
"22-130-4513",2021-07-31 00:00:00.000,"74-130-0054",3,"6",9,44.57,"25"
"16-921-7992",2022-02-21 00:00:00.000,"33-940-3140",3,"41",13,52.08,"18"
"24-678-5042",2020-07-19 00:00:00.000,"10-483-3261",3,"61",5,83.99,"26"
"41-328-2835",2022-09-09 00:00:00.000,"23-834-9533",3,"58",2,235,"20"
"37-273-5241",2021-05-25 00:00:00.000,"19-848-0069",3,"62",5,320,"25"
"32-377-0706",2020-05-29 00:00:00.000,"98-591-9409",3,"41",7,210,"29"
"79-518-4381",2022-06-04 00:00:00.000,"82-124-3942",3,"13",9,98,"25"
"17-264-8555",2021-03-01 00:00:00.000,"19-101-7328",3,"30",9,144.09,"13"
"81-881-8993",2021-11-01 00:00:00.000,"60-136-4870",3,"27",10,101.6,"19"
"33-390-5032",2022-03-01 00:00:00.000,"29-914-6794",3,"72",9,133.17,"19"
"80-349-3939",2022-12-25 00:00:00.000,"04-935-5157",3,"37",5,69.38,"18"
"54-162-7684",2021-12-22 00:00:00.000,"18-892-9010",3,"60",12,119.8,"19"
"23-427-8106",2020-10-21 00:00:00.000,"48-999-9247",3,"12",8,220,"19"
"66-188-6911",2022-07-12 00:00:00.000,"51-529-9908",3,"31",5,310,"19"
"82-410-4692",2021-10-31 00:00:00.000,"63-986-0563",3,"66",8,225,"18"
"61-618-8783",2022-05-16 00:00:00.000,"64-856-3763",3,"23",9,124.62,"17"
"33-044-7954",2021-11-16 00:00:00.000,"07-575-4456",3,"15",6,93.13,"29"
"19-189-3064",2021-12-20 00:00:00.000,"99-435-3448",3,"12",3,44.57,"18"
"00-618-9205",2020-09-28 00:00:00.000,"49-449-2339",3,"29",15,83.99,"29"
"66-525-3598",2021-07-18 00:00:00.000,"04-007-9403",3,"71",11,125,"29"
"66-056-8690",2019-09-29 00:00:00.000,"30-134-4141",3,"56",7,235,"19"
"25-177-6985",2019-08-10 00:00:00.000,"68-194-7215",3,"55",14,210,"19"
"24-139-0192",2020-06-13 00:00:00.000,"06-870-3808",3,"35",1,190,"26"
"32-698-1958",2021-11-02 00:00:00.000,"79-834-1150",3,"13",12,98,"25"
"33-294-7116",2020-11-09 00:00:00.000,"22-719-1060",3,"64",7,101.6,"17"
"63-761-3686",2020-08-25 00:00:00.000,"65-353-0657",1,"34",15,235,"25"
"67-709-5581",2020-03-01 00:00:00.000,"77-111-2020",1,"34",4,210,"13"
"15-663-0481",2020-03-05 00:00:00.000,"21-282-1343",1,"37",5,98,"17"
"85-795-3011",2022-04-13 00:00:00.000,"08-390-4691",1,"48",13,44.57,"17"
"81-875-5053",2021-04-29 00:00:00.000,"81-678-3234",1,"63",12,83.99,"26"
"87-988-3093",2021-06-08 00:00:00.000,"07-111-7669",1,"47",12,235,"29"
"24-714-2660",2019-09-13 00:00:00.000,"24-545-1124",1,"32",3,210,"25"
"81-819-6997",2022-04-12 00:00:00.000,"04-960-9928",1,"42",8,98,"30"
"37-563-3518",2022-04-05 00:00:00.000,"87-172-1004",1,"30",13,44.57,"25"
"61-096-3317",2022-05-04 00:00:00.000,"97-003-2495",1,"69",7,83.99,"25"
"33-596-6321",2021-11-25 00:00:00.000,"26-237-6257",1,"13",12,235,"25"
"94-148-7497",2022-11-19 00:00:00.000,"06-545-4037",1,"49",13,210,"18"
"69-765-1585",2022-03-07 00:00:00.000,"60-238-7059",1,"72",8,98,"29"
"84-561-9421",2020-03-29 00:00:00.000,"44-106-8726",1,"64",5,101.6,"30"
"56-545-1829",2022-02-15 00:00:00.000,"14-427-0652",1,"18",1,133.17,"13"
"20-698-8725",2021-01-12 00:00:00.000,"89-302-9477",1,"32",11,119.8,"29"
"05-825-9260",2021-10-09 00:00:00.000,"36-854-2570",1,"21",10,220,"30"
"02-938-1657",2022-10-16 00:00:00.000,"25-492-4931",1,"44",8,225,"20"
"89-262-2574",2019-12-11 00:00:00.000,"94-829-5714",1,"23",7,124.62,"30"
"57-755-0191",2022-01-22 00:00:00.000,"03-133-1843",1,"44",11,44.57,"20"
"49-366-5985",2021-01-08 00:00:00.000,"38-254-0934",1,"41",3,83.99,"20"
"60-270-8291",2020-11-20 00:00:00.000,"42-037-9687",1,"61",7,235,"20"
"84-017-7714",2020-02-22 00:00:00.000,"38-777-7517",1,"69",4,210,"20"
"30-148-2955",2019-11-02 00:00:00.000,"80-373-3482",1,"13",10,98,"25"
"46-715-1183",2021-01-22 00:00:00.000,"41-635-6237",1,"29",3,101.6,"19"
"86-581-4964",2021-06-19 00:00:00.000,"78-150-8068",1,"60",14,133.17,"30"
"44-357-1100",2020-02-18 00:00:00.000,"73-849-7161",1,"33",9,119.8,"26"
"80-923-1183",2021-05-07 00:00:00.000,"27-255-5518",1,"22",6,220,"20"
"25-485-3794",2021-05-07 00:00:00.000,"93-083-1812",1,"72",13,225,"29"
"31-607-0351",2021-12-13 00:00:00.000,"62-404-0979",1,"29",11,124.62,"25"
"53-430-9568",2019-11-20 00:00:00.000,"12-210-8916",1,"62",9,44.57,"26"
"78-806-0853",2020-06-10 00:00:00.000,"83-486-4557",1,"11",15,83.99,"30"
"52-984-2592",2020-08-15 00:00:00.000,"49-536-9801",1,"16",12,235,"18"
"84-854-1349",2021-09-01 00:00:00.000,"83-854-5062",1,"36",1,210,"29"
"51-955-2727",2021-05-25 00:00:00.000,"91-982-8246",1,"49",5,98,"29"
"06-457-9925",2020-12-22 00:00:00.000,"80-328-3018",1,"30",14,101.6,"18"
"45-594-5624",2022-07-24 00:00:00.000,"24-909-6177",1,"39",5,133.17,"26"
"04-743-8019",2020-02-12 00:00:00.000,"80-273-1248",1,"32",14,119.8,"18"
"19-953-6477",2019-08-03 00:00:00.000,"99-033-8011",1,"6",4,220,"20"
"76-176-1093",2021-05-07 00:00:00.000,"96-909-7950",1,"14",5,225,"18"
"43-238-0006",2020-11-26 00:00:00.000,"37-372-9415",1,"2",11,124.62,"20"
"65-080-5283",2021-10-24 00:00:00.000,"85-368-5194",1,"52",5,44.57,"29"
"28-703-1952",2021-03-14 00:00:00.000,"31-307-2307",1,"53",6,83.99,"17"
"96-993-3962",2021-04-08 00:00:00.000,"03-051-7819",1,"65",9,235,"13"
"50-817-8023",2020-07-14 00:00:00.000,"77-591-2181",1,"22",9,210,"20"
"75-362-1645",2021-09-10 00:00:00.000,"63-604-3193",1,"23",13,98,"26"
"85-463-0651",2020-01-06 00:00:00.000,"10-972-8681",1,"71",3,101.6,"20"
"37-765-3279",2022-06-03 00:00:00.000,"73-948-0480",1,"59",15,133.17,"26"
"56-307-1423",2021-08-17 00:00:00.000,"23-541-2030",1,"39",14,119.8,"25"
"39-547-3173",2020-12-15 00:00:00.000,"63-906-6480",1,"43",15,220,"29"
"53-763-8296",2020-06-23 00:00:00.000,"13-641-1831",1,"67",4,225,"25"
"45-742-2253",2022-10-13 00:00:00.000,"90-275-2874",1,"55",11,124.62,"18"
"49-429-0115",2019-11-23 00:00:00.000,"91-321-8895",1,"6",1,44.57,"20"
"00-350-1396",2019-11-13 00:00:00.000,"39-459-6791",1,"11",14,83.99,"17"
"80-461-9387",2021-10-02 00:00:00.000,"64-198-0112",1,"39",4,235,"17"
"68-473-3919",2021-06-18 00:00:00.000,"13-027-0249",1,"31",1,210,"30"
"13-235-5773",2022-04-12 00:00:00.000,"46-708-9429",1,"53",7,98,"13"
"29-600-8355",2019-11-01 00:00:00.000,"02-063-5381",1,"41",6,101.6,"19"
"31-087-9491",2022-10-26 00:00:00.000,"32-475-1071",1,"29",1,133.17,"17"
"98-391-7796",2021-06-19 00:00:00.000,"13-989-5109",1,"15",15,119.8,"25"
"13-673-8989",2022-03-02 00:00:00.000,"62-870-7138",1,"29",5,220,"20"
"22-872-7952",2020-08-27 00:00:00.000,"57-734-9941",1,"48",7,225,"26"
"33-207-9048",2020-07-04 00:00:00.000,"01-882-3064",1,"32",2,124.62,"18"
"90-006-4375",2022-08-08 00:00:00.000,"60-056-7305",1,"60",15,44.57,"19"
"88-813-0409",2022-06-17 00:00:00.000,"88-633-8492",1,"51",1,83.99,"18"
"60-081-1759",2019-07-27 00:00:00.000,"81-155-1642",1,"20",12,235,"20"
"26-437-6628",2020-07-08 00:00:00.000,"46-036-3035",1,"15",3,210,"25"
"67-455-5976",2020-05-20 00:00:00.000,"61-361-4915",1,"1",10,98,"26"
"31-807-7846",2022-11-24 00:00:00.000,"78-925-5718",1,"26",9,101.6,"25"
"84-951-9107",2022-01-09 00:00:00.000,"20-514-8420",1,"22",14,133.17,"26"
"18-252-1922",2020-11-12 00:00:00.000,"67-683-3934",1,"28",14,119.8,"17"
"03-893-8767",2020-04-25 00:00:00.000,"27-609-7148",1,"47",12,220,"18"
"33-583-4747",2021-05-30 00:00:00.000,"68-632-2108",1,"9",15,225,"18"
"11-741-2205",2022-04-27 00:00:00.000,"38-921-3385",1,"49",2,124.62,"26"
"27-991-7078",2020-06-25 00:00:00.000,"43-930-4762",1,"28",13,44.57,"29"
"85-912-4773",2022-04-04 00:00:00.000,"13-838-5377",1,"50",6,83.99,"25"
"52-104-3482",2021-10-27 00:00:00.000,"65-854-0852",1,"70",10,235,"26"
"08-660-0159",2019-07-16 00:00:00.000,"07-795-8092",1,"59",2,210,"19"
"49-934-7149",2021-01-30 00:00:00.000,"58-629-4175",1,"7",3,98,"19"
"76-769-5168",2021-09-02 00:00:00.000,"28-146-1975",1,"16",13,101.6,"19"
"46-686-0158",2022-07-22 00:00:00.000,"97-474-3634",1,"15",12,133.17,"20"
"65-907-3127",2022-08-20 00:00:00.000,"05-230-9436",1,"48",4,119.8,"30"
"32-923-9697",2019-09-26 00:00:00.000,"26-229-0678",1,"40",12,220,"26"
"31-404-5047",2021-09-29 00:00:00.000,"02-565-4368",1,"36",13,225,"20"
"99-207-8914",2020-10-23 00:00:00.000,"90-805-1347",1,"47",1,124.62,"29"
"51-959-4742",2022-05-17 00:00:00.000,"93-638-4651",1,"45",5,44.57,"17"
"41-179-7445",2020-10-24 00:00:00.000,"18-878-4452",1,"26",12,83.99,"18"
"84-864-3249",2019-12-18 00:00:00.000,"75-496-8007",1,"54",8,235,"19"
"84-041-9180",2022-08-24 00:00:00.000,"67-529-6495",1,"3",12,210,"17"
"08-855-8354",2020-09-29 00:00:00.000,"30-273-7602",1,"47",13,98,"29"
"32-783-7159",2020-12-12 00:00:00.000,"80-343-1997",1,"62",13,101.6,"26"
"47-198-9429",2022-06-12 00:00:00.000,"21-735-6636",1,"20",4,133.17,"25"
"43-134-2893",2022-11-16 00:00:00.000,"79-230-2093",1,"65",15,119.8,"18"
"28-019-1318",2019-09-03 00:00:00.000,"83-279-6709",1,"14",13,220,"25"
"17-529-1692",2022-06-09 00:00:00.000,"41-401-4494",1,"27",8,225,"17"
"50-818-0337",2022-12-28 00:00:00.000,"74-822-1028",1,"18",4,124.62,"18"
"72-727-1317",2020-03-26 00:00:00.000,"72-045-4857",1,"57",6,44.57,"17"
"61-185-3517",2020-06-07 00:00:00.000,"52-456-8474",1,"28",7,83.99,"18"
"54-815-3308",2023-01-03 00:00:00.000,"22-129-8597",1,"10",13,235,"26"
"30-418-5129",2021-01-07 00:00:00.000,"86-857-1829",1,"69",7,210,"20"
"38-994-1709",2020-07-28 00:00:00.000,"71-703-5222",1,"59",1,98,"17"
"33-930-0109",2020-03-18 00:00:00.000,"13-473-0498",1,"22",15,101.6,"25"
"07-808-6932",2020-10-21 00:00:00.000,"34-874-3361",1,"51",13,133.17,"29"
"96-813-6384",2022-10-23 00:00:00.000,"60-022-9187",1,"5",14,119.8,"29"
"19-522-8580",2022-06-05 00:00:00.000,"48-588-2099",1,"67",7,220,"13"
"10-120-0016",2021-10-07 00:00:00.000,"45-612-9855",1,"61",8,225,"26"
"29-728-2837",2019-07-31 00:00:00.000,"99-380-1965",1,"9",12,124.62,"26"
"11-463-8439",2019-07-07 00:00:00.000,"76-937-0622",1,"50",1,44.57,"26"
"85-580-7392",2019-07-20 00:00:00.000,"67-611-0715",1,"22",3,83.99,"26"
"02-569-3156",2020-06-03 00:00:00.000,"51-678-5620",1,"68",12,235,"25"
"07-275-2696",2020-06-27 00:00:00.000,"64-337-3586",1,"61",11,210,"17"
"77-206-4888",2022-03-21 00:00:00.000,"73-312-7210",1,"41",10,98,"19"
"97-710-0241",2021-04-13 00:00:00.000,"13-617-0573",1,"23",4,101.6,"25"
"61-753-0334",2020-04-20 00:00:00.000,"76-207-5652",1,"48",6,133.17,"20"
"15-307-8168",2020-10-25 00:00:00.000,"09-488-5773",1,"62",14,119.8,"18"
"94-670-7121",2020-08-05 00:00:00.000,"62-857-0603",1,"37",13,220,"17"
"00-451-8857",2022-11-29 00:00:00.000,"11-253-6502",1,"12",15,225,"26"
"10-621-7662",2020-06-09 00:00:00.000,"09-732-9826",1,"21",9,124.62,"17"
"22-572-6325",2022-03-26 00:00:00.000,"20-317-3721",1,"26",10,44.57,"13"
"77-527-7922",2021-09-10 00:00:00.000,"98-090-3894",1,"11",5,83.99,"30"
"97-995-3154",2020-03-10 00:00:00.000,"04-162-3406",1,"39",12,235,"25"
"59-613-6838",2019-09-20 00:00:00.000,"64-444-2153",1,"7",14,210,"17"
"81-109-8738",2022-11-26 00:00:00.000,"12-123-6838",1,"37",9,98,"26"
"86-725-2449",2021-01-16 00:00:00.000,"64-810-4341",1,"40",3,101.6,"18"
"15-197-3569",2022-04-14 00:00:00.000,"89-460-3944",1,"6",13,133.17,"18"
"55-932-3347",2021-04-09 00:00:00.000,"01-905-4730",1,"66",1,119.8,"25"
"78-803-3890",2020-10-08 00:00:00.000,"32-514-4207",1,"70",1,220,"29"
"81-898-7131",2022-11-29 00:00:00.000,"29-300-1910",1,"56",5,225,"20"
"68-844-1159",2021-05-06 00:00:00.000,"98-558-7897",1,"28",1,124.62,"26"
"31-762-1168",2020-09-04 00:00:00.000,"84-581-2271",1,"66",3,44.57,"19"
"95-524-7993",2021-12-02 00:00:00.000,"54-947-0130",1,"71",3,83.99,"19"
"43-718-3224",2019-07-29 00:00:00.000,"58-762-4502",1,"3",4,235,"26"
"82-287-7415",2022-05-11 00:00:00.000,"39-738-3678",1,"20",3,210,"20"
"33-177-2796",2019-08-11 00:00:00.000,"82-014-8133",1,"37",11,98,"17"
"96-257-8035",2021-01-22 00:00:00.000,"64-206-9106",1,"32",15,101.6,"13"
"48-335-5237",2022-02-14 00:00:00.000,"39-392-8970",1,"32",15,133.17,"29"
"68-323-6449",2021-02-26 00:00:00.000,"49-237-7569",1,"43",14,119.8,"30"
"29-595-2468",2021-12-18 00:00:00.000,"85-126-7032",1,"9",7,220,"18"
"83-584-6805",2019-09-25 00:00:00.000,"43-831-6225",1,"33",8,225,"19"
"77-180-0305",2021-08-25 00:00:00.000,"03-684-7057",1,"67",8,124.62,"20"
"35-460-4013",2020-02-27 00:00:00.000,"60-341-1613",1,"10",3,44.57,"29"
"77-325-6969",2020-01-27 00:00:00.000,"99-181-8100",1,"27",1,83.99,"30"
"51-960-7680",2022-06-04 00:00:00.000,"89-961-8506",1,"14",1,235,"17"
"52-708-9153",2023-01-06 00:00:00.000,"91-757-8892",1,"35",12,210,"25"
"53-851-0542",2021-04-07 00:00:00.000,"43-225-1028",1,"70",8,98,"18"
"88-729-8334",2022-12-18 00:00:00.000,"71-766-2433",1,"47",11,101.6,"13"
"84-632-0013",2021-11-04 00:00:00.000,"67-841-9713",1,"34",15,133.17,"26"
"38-750-7959",2020-02-29 00:00:00.000,"16-392-8441",1,"45",11,119.8,"26"
"60-230-9043",2021-08-21 00:00:00.000,"92-898-9409",1,"38",12,220,"18"
"76-522-9855",2021-11-13 00:00:00.000,"48-297-2055",1,"51",5,225,"25"
"11-858-8042",2020-07-01 00:00:00.000,"16-138-8056",1,"27",8,124.62,"26"
"29-463-3688",2019-12-05 00:00:00.000,"21-644-8108",1,"26",7,44.57,"25"
"69-361-9646",2019-12-11 00:00:00.000,"98-132-2808",1,"59",12,83.99,"17"
"60-885-4424",2020-08-16 00:00:00.000,"82-505-1173",1,"42",13,235,"18"
"53-131-0339",2021-06-22 00:00:00.000,"19-203-6248",1,"18",3,210,"29"
"63-453-3505",2021-02-01 00:00:00.000,"66-811-8791",1,"44",9,98,"29"
"72-015-0440",2022-09-01 00:00:00.000,"29-402-3395",1,"60",8,101.6,"25"
"41-177-5682",2022-12-14 00:00:00.000,"91-488-9581",1,"30",5,133.17,"29"
"73-900-4790",2020-10-13 00:00:00.000,"22-928-0299",1,"12",12,119.8,"25"
"03-248-8148",2021-10-18 00:00:00.000,"48-890-3098",1,"49",6,220,"19"
"80-489-4967",2019-12-22 00:00:00.000,"33-285-9278",1,"14",7,225,"30"
"63-236-3555",2021-04-25 00:00:00.000,"81-015-5506",1,"26",1,124.62,"25"
"95-599-9120",2022-06-03 00:00:00.000,"29-913-3446",1,"28",15,44.57,"29"
"39-607-8115",2022-12-10 00:00:00.000,"58-196-6560",1,"56",1,83.99,"30"
"57-761-6559",2020-11-29 00:00:00.000,"79-080-9855",1,"10",12,235,"19"
"87-535-8388",2021-04-02 00:00:00.000,"10-196-1743",1,"72",8,210,"26"
"66-665-1879",2019-09-19 00:00:00.000,"34-099-5874",1,"59",8,98,"20"
"87-443-7001",2021-12-28 00:00:00.000,"28-875-7993",1,"44",11,101.6,"18"
"80-616-9335",2019-09-21 00:00:00.000,"34-728-6780",1,"34",10,133.17,"18"
"32-023-4917",2021-09-26 00:00:00.000,"75-669-7534",1,"54",13,119.8,"13"
"23-636-0824",2021-05-16 00:00:00.000,"48-766-8760",1,"39",10,220,"18"
"92-487-3562",2020-03-03 00:00:00.000,"09-974-0828",1,"24",5,225,"18"
"95-581-6863",2021-11-21 00:00:00.000,"71-011-7586",1,"18",14,124.62,"29"
"24-690-6396",2022-03-29 00:00:00.000,"24-388-6822",1,"34",15,44.57,"20"
"93-702-4764",2021-06-17 00:00:00.000,"18-423-4240",1,"15",4,83.99,"20"
"35-759-1971",2022-10-25 00:00:00.000,"53-853-8502",1,"31",2,235,"18"
"15-192-4862",2021-10-01 00:00:00.000,"91-003-5808",1,"4",13,210,"18"
"49-404-6008",2019-10-17 00:00:00.000,"95-505-4189",1,"23",3,98,"13"
"99-679-0062",2020-12-26 00:00:00.000,"97-361-6034",1,"9",15,101.6,"29"
"82-445-5186",2021-09-23 00:00:00.000,"73-471-6783",1,"57",4,133.17,"25"
"63-346-9064",2022-01-14 00:00:00.000,"79-339-7626",1,"43",12,119.8,"25"
"10-150-2658",2020-06-06 00:00:00.000,"18-907-7870",1,"71",15,220,"20"
"10-638-5334",2022-10-10 00:00:00.000,"47-474-8927",1,"19",12,225,"26"
"29-260-4008",2021-04-01 00:00:00.000,"66-514-5198",1,"55",5,124.62,"20"
"51-290-4538",2022-05-19 00:00:00.000,"86-277-5508",1,"65",4,44.57,"29"
"05-822-0829",2021-04-09 00:00:00.000,"67-467-1171",1,"58",13,83.99,"17"
"04-238-9179",2021-01-13 00:00:00.000,"13-951-6935",1,"22",14,235,"19"
"95-025-5981",2020-03-08 00:00:00.000,"91-336-4124",1,"19",3,210,"19"
"93-829-3135",2022-03-04 00:00:00.000,"53-236-6596",1,"36",1,98,"26"
"92-880-1942",2021-06-05 00:00:00.000,"70-610-7059",1,"3",4,101.6,"26"
"09-185-3204",2021-12-14 00:00:00.000,"07-667-2054",1,"41",12,133.17,"17"
"99-346-2194",2022-01-27 00:00:00.000,"21-516-0006",1,"18",10,119.8,"26"
"95-846-1036",2020-10-25 00:00:00.000,"90-947-8460",1,"14",12,220,"30"
"40-690-8134",2021-02-08 00:00:00.000,"17-425-9366",1,"25",3,225,"26"
"87-820-2746",2021-06-27 00:00:00.000,"10-534-1630",1,"18",2,124.62,"13"
"34-230-0439",2021-09-12 00:00:00.000,"21-823-5019",1,"56",5,44.57,"19"
"37-691-9097",2020-11-29 00:00:00.000,"62-189-0455",1,"19",8,83.99,"30"
"05-318-1801",2019-10-05 00:00:00.000,"77-869-4945",1,"64",3,235,"26"
"97-039-9333",2022-11-17 00:00:00.000,"12-510-9183",1,"37",15,210,"25"
"77-635-7433",2020-01-29 00:00:00.000,"75-271-9762",1,"3",3,98,"19"
"51-470-5294",2021-06-08 00:00:00.000,"76-163-3165",1,"56",4,101.6,"18"
"89-007-9559",2020-04-10 00:00:00.000,"21-798-9412",1,"43",3,133.17,"25"
"31-255-9487",2022-12-06 00:00:00.000,"42-410-0705",1,"11",4,119.8,"25"
"11-486-8739",2022-07-03 00:00:00.000,"41-226-8734",1,"46",4,220,"25"
"42-438-0394",2022-02-01 00:00:00.000,"96-799-4054",1,"30",5,225,"17"
"83-336-8250",2021-10-18 00:00:00.000,"40-260-1346",1,"7",14,124.62,"17"
"01-062-3384",2021-10-11 00:00:00.000,"72-073-0415",1,"30",13,44.57,"26"
"57-393-6200",2020-01-17 00:00:00.000,"58-519-0920",1,"45",5,83.99,"13"
"32-317-3692",2022-09-14 00:00:00.000,"57-249-9311",1,"7",3,235,"13"
"50-370-8158",2022-07-30 00:00:00.000,"97-519-5326",1,"40",2,210,"30"
"86-400-9239",2019-07-06 00:00:00.000,"75-358-8408",1,"61",2,98,"30"
"24-041-3369",2021-02-03 00:00:00.000,"48-621-4122",1,"38",9,101.6,"29"
"47-760-3761",2020-05-04 00:00:00.000,"83-415-1839",1,"67",15,133.17,"19"
"55-250-4051",2021-03-07 00:00:00.000,"29-212-8537",1,"27",14,119.8,"18"
"89-013-4600",2020-05-04 00:00:00.000,"60-136-0339",1,"67",15,220,"17"
"77-083-7289",2021-05-07 00:00:00.000,"38-183-2380",1,"36",1,225,"17"
"45-381-3607",2021-06-03 00:00:00.000,"26-472-0085",1,"30",8,124.62,"25"
"41-640-4815",2021-10-02 00:00:00.000,"90-268-2856",1,"64",7,44.57,"29"
"71-274-0068",2021-05-03 00:00:00.000,"13-867-0430",1,"2",9,83.99,"13"
"89-266-9786",2021-11-21 00:00:00.000,"24-476-4314",1,"67",13,235,"18"
"11-776-8532",2020-11-20 00:00:00.000,"03-754-8064",1,"58",7,210,"25"
"49-275-9191",2022-01-25 00:00:00.000,"27-053-6056",1,"9",15,98,"30"
"50-696-6686",2020-11-04 00:00:00.000,"62-549-2752",1,"53",4,101.6,"17"
"30-087-5181",2020-03-22 00:00:00.000,"57-785-3314",1,"9",7,133.17,"29"
"38-068-6643",2022-10-25 00:00:00.000,"81-094-4880",1,"62",13,119.8,"29"
"16-946-9856",2020-07-01 00:00:00.000,"32-572-1979",1,"31",12,220,"19"
"97-246-5273",2021-06-05 00:00:00.000,"97-710-2761",1,"36",12,225,"17"
"91-659-9644",2020-11-29 00:00:00.000,"64-548-0720",1,"10",11,124.62,"20"
"03-955-4532",2022-09-28 00:00:00.000,"33-530-9357",1,"5",6,44.57,"30"
"26-929-8429",2019-08-08 00:00:00.000,"57-713-4376",1,"39",15,83.99,"20"
"77-779-8790",2020-06-12 00:00:00.000,"31-432-4517",1,"24",5,235,"17"
"87-796-6079",2021-07-07 00:00:00.000,"76-184-8198",1,"22",12,210,"29"
"67-413-6177",2019-08-14 00:00:00.000,"23-557-3971",1,"54",14,98,"25"
"14-606-3655",2020-12-24 00:00:00.000,"86-294-0566",1,"40",7,101.6,"19"
"42-303-1476",2021-12-30 00:00:00.000,"30-902-5761",1,"34",3,133.17,"25"
"15-090-5294",2022-12-24 00:00:00.000,"27-735-9532",1,"70",10,119.8,"17"
"43-461-0935",2022-06-06 00:00:00.000,"30-022-9413",1,"15",5,220,"25"
"42-250-4316",2022-09-22 00:00:00.000,"42-897-6329",1,"24",13,225,"26"
"74-980-5294",2021-12-05 00:00:00.000,"34-309-3114",1,"42",14,124.62,"19"
"58-300-9513",2021-07-11 00:00:00.000,"49-948-7915",1,"17",5,44.57,"18"
"01-733-5889",2022-05-28 00:00:00.000,"32-395-2589",1,"60",15,83.99,"26"
"38-969-7419",2019-09-12 00:00:00.000,"95-862-4662",1,"25",4,235,"26"
"31-106-2180",2021-01-05 00:00:00.000,"74-776-1637",1,"27",2,210,"17"
"32-483-3668",2020-04-06 00:00:00.000,"61-684-7316",1,"9",12,98,"19"
"18-359-3465",2019-08-04 00:00:00.000,"15-212-8866",1,"25",11,101.6,"18"
"97-233-2887",2020-09-23 00:00:00.000,"40-581-7231",1,"40",10,133.17,"18"
"14-316-4950",2022-04-23 00:00:00.000,"28-255-9636",1,"60",7,119.8,"18"
"97-946-2509",2021-05-14 00:00:00.000,"74-339-8181",1,"66",11,220,"17"
"80-727-2984",2022-10-19 00:00:00.000,"65-959-0100",1,"39",9,225,"13"
"02-311-4674",2022-06-30 00:00:00.000,"58-358-2956",1,"21",13,124.62,"26"
