DeliveryStatusID,OrderID,CustomerID,DeliveryDate,DeliveryStatus,DeliveryCost
1,976,975,2019-10-10 00:00:00.000,False,67.47
3,858,857,2019-10-13 00:00:00.000,False,26.74
5,214,213,2019-10-15 00:00:00.000,False,82.12
6,200,199,2019-10-15 00:00:00.000,False,2.32
10,519,518,2019-10-18 00:00:00.000,False,98.88
12,981,980,2019-10-20 00:00:00.000,False,76.95
14,349,348,2019-10-22 00:00:00.000,False,12.22
15,397,396,2019-10-23 00:00:00.000,False,61.97
17,945,944,2019-10-26 00:00:00.000,False,13.82
20,8,7,2019-10-26 00:00:00.000,False,56.95
22,552,551,2019-10-29 00:00:00.000,False,25.46
24,950,949,2019-10-30 00:00:00.000,False,93.63
27,909,908,2019-11-04 00:00:00.000,False,34.26
28,778,777,2019-11-04 00:00:00.000,False,74.3
29,990,989,2019-11-05 00:00:00.000,False,30.17
31,509,508,2019-11-08 00:00:00.000,False,32.25
33,104,103,2019-11-10 00:00:00.000,False,16
35,439,438,2019-11-11 00:00:00.000,False,41.55
38,46,45,2019-11-12 00:00:00.000,False,54.59
39,267,266,2019-11-14 00:00:00.000,False,49.99
42,352,351,2019-11-14 00:00:00.000,False,79.95
44,477,476,2019-11-15 00:00:00.000,False,81.93
45,799,798,2019-11-15 00:00:00.000,False,93.07
48,683,682,2019-11-17 00:00:00.000,False,30.05
49,471,470,2019-11-19 00:00:00.000,False,11.13
52,861,860,2019-11-20 00:00:00.000,False,83.5
53,470,469,2019-11-23 00:00:00.000,False,56.17
55,679,678,2019-11-25 00:00:00.000,False,7.27
57,12,11,2019-11-28 00:00:00.000,False,85.08
58,268,267,2019-11-28 00:00:00.000,False,69.3
61,342,341,2019-11-30 00:00:00.000,False,39.54
62,158,157,2019-11-30 00:00:00.000,False,99.83
65,537,536,2019-12-01 00:00:00.000,False,30.49
67,656,655,2019-12-02 00:00:00.000,False,84.55
68,114,113,2019-12-02 00:00:00.000,False,27.86
69,986,985,2019-12-02 00:00:00.000,False,34.16
73,19,18,2019-12-03 00:00:00.000,False,39.3
76,832,831,2019-12-03 00:00:00.000,False,53.49
78,146,145,2019-12-05 00:00:00.000,False,13.66
79,707,706,2019-12-06 00:00:00.000,False,98.37
81,688,687,2019-12-07 00:00:00.000,False,61.81
83,754,753,2019-12-08 00:00:00.000,False,84.96
85,457,456,2019-12-09 00:00:00.000,False,34.81
87,869,868,2019-12-10 00:00:00.000,False,61.23
89,462,461,2019-12-12 00:00:00.000,False,45.2
92,182,181,2019-12-13 00:00:00.000,False,50.37
93,501,500,2019-12-14 00:00:00.000,False,60.42
95,932,931,2019-12-15 00:00:00.000,False,53.62
99,759,758,2019-12-16 00:00:00.000,False,50.46
100,35,34,2019-12-16 00:00:00.000,False,85.67
101,196,195,2019-12-19 00:00:00.000,False,14.8
104,497,496,2019-12-19 00:00:00.000,False,78.22
106,742,741,2019-12-21 00:00:00.000,False,70.16
108,570,569,2019-12-21 00:00:00.000,False,39.92
110,517,516,2019-12-22 00:00:00.000,False,48.29
113,309,308,2019-12-23 00:00:00.000,False,67.13
114,539,538,2019-12-23 00:00:00.000,False,26.15
116,257,256,2019-12-24 00:00:00.000,False,23.13
117,621,620,2019-12-26 00:00:00.000,False,64.76
119,464,463,2019-12-27 00:00:00.000,False,96.6
121,755,754,2019-12-28 00:00:00.000,False,23.14
124,21,20,2019-12-29 00:00:00.000,False,28.6
127,954,953,2019-12-30 00:00:00.000,False,1.49
128,432,431,2019-12-30 00:00:00.000,False,34.58
129,769,768,2020-01-01 00:00:00.000,False,3.53
130,878,877,2020-01-01 00:00:00.000,False,61.94
133,433,432,2020-01-02 00:00:00.000,False,34.74
135,801,800,2020-01-03 00:00:00.000,False,28.26
140,374,373,2020-01-05 00:00:00.000,False,18.71
141,160,159,2020-01-05 00:00:00.000,False,47.73
143,25,24,2020-01-05 00:00:00.000,False,60.52
144,506,505,2020-01-05 00:00:00.000,False,88.23
145,564,563,2020-01-06 00:00:00.000,False,54.82
147,151,150,2020-01-07 00:00:00.000,False,66.59
150,834,833,2020-01-08 00:00:00.000,False,30.22
151,251,250,2020-01-08 00:00:00.000,False,11.59
153,375,374,2020-01-09 00:00:00.000,False,97.04
156,71,70,2020-01-10 00:00:00.000,False,48.78
159,678,677,2020-01-10 00:00:00.000,False,75.09
160,795,794,2020-01-10 00:00:00.000,False,25.11
164,556,555,2020-01-11 00:00:00.000,False,22.2
165,660,659,2020-01-11 00:00:00.000,False,57.59
166,860,859,2020-01-11 00:00:00.000,False,3.8
168,833,832,2020-01-12 00:00:00.000,False,90.55
169,7,6,2020-01-13 00:00:00.000,False,5.04
172,773,772,2020-01-14 00:00:00.000,False,58.29
174,286,285,2020-01-15 00:00:00.000,False,83.03
175,642,641,2020-01-16 00:00:00.000,False,6.66
177,717,716,2020-01-17 00:00:00.000,False,89.62
180,898,897,2020-01-18 00:00:00.000,False,56.37
181,124,123,2020-01-19 00:00:00.000,False,84.98
185,775,774,2020-01-22 00:00:00.000,False,97.24
186,865,864,2020-01-22 00:00:00.000,False,97.34
187,363,362,2020-01-25 00:00:00.000,False,94.08
190,532,531,2020-01-25 00:00:00.000,False,8.48
191,694,693,2020-01-25 00:00:00.000,False,55.57
194,205,204,2020-01-26 00:00:00.000,False,48.07
196,590,589,2020-01-28 00:00:00.000,False,82.35
198,855,854,2020-01-31 00:00:00.000,False,39.12
200,410,409,2020-02-03 00:00:00.000,False,44.61
203,26,25,2020-02-04 00:00:00.000,False,56.51
204,321,320,2020-02-04 00:00:00.000,False,46.94
206,215,214,2020-02-06 00:00:00.000,False,81.13
208,851,850,2020-02-06 00:00:00.000,False,1.6
210,920,919,2020-02-06 00:00:00.000,False,25.04
211,616,615,2020-02-07 00:00:00.000,False,19.2
213,721,720,2020-02-07 00:00:00.000,False,32.99
214,701,700,2020-02-07 00:00:00.000,False,99.91
218,217,216,2020-02-09 00:00:00.000,False,94.12
219,94,93,2020-02-10 00:00:00.000,False,64.97
221,800,799,2020-02-11 00:00:00.000,False,58.74
224,614,613,2020-02-16 00:00:00.000,False,85.16
225,817,816,2020-02-21 00:00:00.000,False,64.98
228,952,951,2020-02-25 00:00:00.000,False,50.13
229,451,450,2020-02-27 00:00:00.000,False,95.44
233,357,356,2020-02-28 00:00:00.000,False,35.98
234,408,407,2020-02-28 00:00:00.000,False,49.11
236,693,692,2020-02-29 00:00:00.000,False,9.55
237,306,305,2020-03-01 00:00:00.000,False,33.39
240,803,802,2020-03-02 00:00:00.000,False,33.22
241,420,419,2020-03-04 00:00:00.000,False,60.71
243,165,164,2020-03-05 00:00:00.000,False,20.84
246,297,296,2020-03-08 00:00:00.000,False,97.38
248,488,487,2020-03-11 00:00:00.000,False,93.24
250,399,398,2020-03-13 00:00:00.000,False,94.09
251,16,15,2020-03-17 00:00:00.000,False,88.76
254,116,115,2020-03-18 00:00:00.000,False,92.87
256,176,175,2020-03-19 00:00:00.000,False,2.7
258,618,617,2020-03-19 00:00:00.000,False,81.2
260,280,279,2020-03-20 00:00:00.000,False,69.98
262,344,343,2020-03-22 00:00:00.000,False,23.21
264,249,248,2020-03-22 00:00:00.000,False,63.49
266,949,948,2020-03-23 00:00:00.000,False,78.93
267,203,202,2020-03-24 00:00:00.000,False,39.92
269,783,782,2020-03-25 00:00:00.000,False,36.96
272,173,172,2020-03-26 00:00:00.000,False,8.53
274,667,666,2020-03-26 00:00:00.000,False,55.95
275,1,1,2020-03-26 00:00:00.000,False,60.51
278,559,558,2020-03-26 00:00:00.000,False,74.55
279,893,892,2020-03-29 00:00:00.000,False,64.54
282,407,406,2020-04-02 00:00:00.000,False,93.82
283,126,125,2020-04-04 00:00:00.000,False,71.27
287,174,173,2020-04-06 00:00:00.000,False,55.7
288,180,179,2020-04-06 00:00:00.000,False,63.96
291,425,424,2020-04-08 00:00:00.000,False,93.03
292,220,219,2020-04-08 00:00:00.000,False,98.8
293,222,221,2020-04-09 00:00:00.000,False,34.25
296,119,118,2020-04-09 00:00:00.000,False,45.83
298,212,211,2020-04-10 00:00:00.000,False,77.04
300,727,726,2020-04-11 00:00:00.000,False,47.62
302,5,4,2020-04-13 00:00:00.000,False,5.49
303,904,903,2020-04-13 00:00:00.000,False,5.93
306,774,773,2020-04-17 00:00:00.000,False,24.65
307,785,784,2020-04-17 00:00:00.000,False,47.23
310,29,28,2020-04-19 00:00:00.000,False,27.41
311,458,457,2020-04-19 00:00:00.000,False,17.97
314,988,987,2020-04-20 00:00:00.000,False,36.69
316,145,144,2020-04-21 00:00:00.000,False,97.1
317,4,3,2020-04-24 00:00:00.000,False,36.37
320,108,107,2020-04-27 00:00:00.000,False,4.66
321,336,335,2020-04-30 00:00:00.000,False,32.94
325,734,733,2020-05-01 00:00:00.000,False,42.38
326,668,667,2020-05-01 00:00:00.000,False,45.38
329,868,867,2020-05-06 00:00:00.000,False,3.68
330,70,69,2020-05-06 00:00:00.000,False,82.34
333,978,977,2020-05-11 00:00:00.000,False,75.76
334,162,161,2020-05-11 00:00:00.000,False,47.71
335,323,322,2020-05-12 00:00:00.000,False,31.08
336,58,57,2020-05-12 00:00:00.000,False,62.4
340,204,203,2020-05-12 00:00:00.000,False,49.17
342,708,707,2020-05-15 00:00:00.000,False,1.89
343,658,657,2020-05-15 00:00:00.000,False,90.58
346,718,717,2020-05-17 00:00:00.000,False,85.98
347,69,68,2020-05-21 00:00:00.000,False,55.26
349,514,513,2020-05-21 00:00:00.000,False,47.57
351,310,309,2020-05-21 00:00:00.000,False,47.99
353,582,581,2020-05-24 00:00:00.000,False,67.12
355,360,359,2020-05-25 00:00:00.000,False,91.08
357,695,694,2020-05-29 00:00:00.000,False,76.57
360,278,277,2020-06-01 00:00:00.000,False,53.96
362,965,964,2020-06-02 00:00:00.000,False,39.97
364,358,357,2020-06-03 00:00:00.000,False,26.48
366,279,278,2020-06-05 00:00:00.000,False,63.3
367,649,648,2020-06-05 00:00:00.000,False,66.85
369,905,904,2020-06-06 00:00:00.000,False,44.09
372,738,737,2020-06-06 00:00:00.000,False,69.36
375,980,979,2020-06-11 00:00:00.000,False,99.07
376,715,714,2020-06-11 00:00:00.000,False,70.25
377,966,965,2020-06-13 00:00:00.000,False,36.43
380,636,635,2020-06-15 00:00:00.000,False,24.16
381,209,208,2020-06-18 00:00:00.000,False,94.01
383,602,601,2020-06-19 00:00:00.000,False,29.44
386,573,572,2020-06-19 00:00:00.000,False,34.06
387,260,259,2020-06-21 00:00:00.000,False,68.15
389,566,565,2020-06-22 00:00:00.000,False,62.33
390,155,154,2020-06-22 00:00:00.000,False,87.07
393,163,162,2020-06-28 00:00:00.000,False,43.53
395,313,312,2020-06-29 00:00:00.000,False,80.79
397,261,260,2020-07-01 00:00:00.000,False,67.86
400,931,930,2020-07-02 00:00:00.000,False,4.86
402,377,376,2020-07-04 00:00:00.000,False,54.27
403,15,14,2020-07-05 00:00:00.000,False,31.22
404,823,822,2020-07-05 00:00:00.000,False,20.58
408,625,624,2020-07-06 00:00:00.000,False,60.61
410,659,658,2020-07-08 00:00:00.000,False,1.93
411,934,933,2020-07-09 00:00:00.000,False,84.16
413,610,609,2020-07-10 00:00:00.000,False,55.56
417,696,695,2020-07-12 00:00:00.000,False,5.9
418,454,453,2020-07-12 00:00:00.000,False,28.81
420,511,510,2020-07-14 00:00:00.000,False,68.47
421,369,368,2020-07-15 00:00:00.000,False,58.67
423,736,735,2020-07-16 00:00:00.000,False,82.65
427,61,60,2020-07-17 00:00:00.000,False,43.56
428,3,2,2020-07-17 00:00:00.000,False,96.75
430,670,669,2020-07-18 00:00:00.000,False,45.82
432,376,375,2020-07-19 00:00:00.000,False,30.83
433,329,328,2020-07-22 00:00:00.000,False,62.25
436,216,215,2020-07-23 00:00:00.000,False,34.47
437,492,491,2020-07-23 00:00:00.000,False,93.91
439,449,448,2020-07-26 00:00:00.000,False,22.97
441,606,605,2020-07-29 00:00:00.000,False,19.57
443,426,425,2020-07-29 00:00:00.000,False,5.15
446,790,789,2020-07-30 00:00:00.000,False,37.51
448,504,503,2020-08-06 00:00:00.000,False,28.07
449,598,597,2020-08-06 00:00:00.000,False,28.92
451,177,176,2020-08-07 00:00:00.000,False,78.44
454,935,934,2020-08-10 00:00:00.000,False,61.04
456,270,269,2020-08-10 00:00:00.000,False,95.17
458,571,570,2020-08-10 00:00:00.000,False,50.27
460,230,229,2020-08-11 00:00:00.000,False,27.72
461,135,134,2020-08-12 00:00:00.000,False,91.86
463,199,198,2020-08-13 00:00:00.000,False,30.53
464,206,205,2020-08-13 00:00:00.000,False,40
468,318,317,2020-08-14 00:00:00.000,False,39.81
470,994,993,2020-08-16 00:00:00.000,False,31.25
472,1001,1000,2020-08-17 00:00:00.000,False,55.72
473,170,169,2020-08-18 00:00:00.000,False,75.64
474,166,165,2020-08-18 00:00:00.000,False,57.71
478,680,679,2020-08-19 00:00:00.000,False,3.92
479,238,237,2020-08-19 00:00:00.000,False,88.95
482,233,232,2020-08-21 00:00:00.000,False,33.88
485,857,856,2020-08-25 00:00:00.000,False,46.74
486,581,580,2020-08-25 00:00:00.000,False,98.91
488,34,33,2020-08-25 00:00:00.000,False,89.49
489,59,58,2020-08-26 00:00:00.000,False,63.51
490,548,547,2020-08-26 00:00:00.000,False,31.46
493,971,970,2020-08-31 00:00:00.000,False,62.94
494,485,484,2020-08-31 00:00:00.000,False,24.52
495,414,413,2020-08-31 00:00:00.000,False,83.03
499,766,765,2020-09-01 00:00:00.000,False,6.99
501,687,686,2020-09-03 00:00:00.000,False,28.8
504,366,365,2020-09-03 00:00:00.000,False,43.71
505,875,874,2020-09-05 00:00:00.000,False,65.6
507,372,371,2020-09-06 00:00:00.000,False,27.97
509,973,972,2020-09-09 00:00:00.000,False,17.51
512,796,795,2020-09-11 00:00:00.000,False,65.94
514,645,644,2020-09-12 00:00:00.000,False,3.26
516,751,750,2020-09-13 00:00:00.000,False,57.58
519,802,801,2020-09-14 00:00:00.000,False,85.99
520,459,458,2020-09-14 00:00:00.000,False,15.02
521,319,318,2020-09-15 00:00:00.000,False,22.93
522,644,643,2020-09-15 00:00:00.000,False,90.7
525,732,731,2020-09-16 00:00:00.000,False,38.54
529,639,638,2020-09-20 00:00:00.000,False,57.26
530,322,321,2020-09-20 00:00:00.000,False,22.59
533,388,387,2020-09-25 00:00:00.000,False,78.38
534,81,80,2020-09-25 00:00:00.000,False,7.25
536,396,395,2020-09-27 00:00:00.000,False,67.77
538,558,557,2020-09-29 00:00:00.000,False,42.52
540,99,98,2020-09-30 00:00:00.000,False,60.19
543,152,151,2020-10-01 00:00:00.000,False,83.75
545,133,132,2020-10-01 00:00:00.000,False,25.49
546,337,336,2020-10-01 00:00:00.000,False,72.56
548,1000,999,2020-10-05 00:00:00.000,False,43.62
549,594,593,2020-10-06 00:00:00.000,False,71.17
552,913,912,2020-10-07 00:00:00.000,False,81.25
553,356,355,2020-10-07 00:00:00.000,False,11.79
556,183,182,2020-10-07 00:00:00.000,False,13.54
557,38,37,2020-10-09 00:00:00.000,False,49.69
559,367,366,2020-10-10 00:00:00.000,False,51.9
560,704,703,2020-10-10 00:00:00.000,False,27.37
563,384,383,2020-10-11 00:00:00.000,False,70.44
564,27,26,2020-10-11 00:00:00.000,False,10.69
568,997,996,2020-10-12 00:00:00.000,False,49.46
570,368,367,2020-10-13 00:00:00.000,False,30.86
571,247,246,2020-10-14 00:00:00.000,False,29.68
574,880,879,2020-10-16 00:00:00.000,False,98.47
576,891,890,2020-10-18 00:00:00.000,False,94.51
577,947,946,2020-10-19 00:00:00.000,False,88.65
580,242,241,2020-10-20 00:00:00.000,False,97.35
582,424,423,2020-10-21 00:00:00.000,False,82.94
583,304,303,2020-10-22 00:00:00.000,False,19.23
586,916,915,2020-10-22 00:00:00.000,False,41.1
587,341,340,2020-10-23 00:00:00.000,False,77.08
589,588,587,2020-10-23 00:00:00.000,False,10.21
592,300,299,2020-10-23 00:00:00.000,False,37.31
594,970,969,2020-10-28 00:00:00.000,False,79.28
596,568,567,2020-10-29 00:00:00.000,False,70.38
598,335,334,2020-10-30 00:00:00.000,False,61.96
599,103,102,2020-10-31 00:00:00.000,False,76.56
603,579,578,2020-11-01 00:00:00.000,False,65.98
604,630,629,2020-11-01 00:00:00.000,False,15.81
605,463,462,2020-11-03 00:00:00.000,False,28.47
606,536,535,2020-11-03 00:00:00.000,False,9.08
610,232,231,2020-11-04 00:00:00.000,False,52.89
611,136,135,2020-11-04 00:00:00.000,False,34.87
615,691,690,2020-11-05 00:00:00.000,False,71.33
616,711,710,2020-11-05 00:00:00.000,False,77.41
618,30,29,2020-11-06 00:00:00.000,False,41.35
621,633,632,2020-11-07 00:00:00.000,False,77.15
622,714,713,2020-11-07 00:00:00.000,False,94.67
623,496,495,2020-11-07 00:00:00.000,False,52.84
625,169,168,2020-11-08 00:00:00.000,False,27
626,52,51,2020-11-08 00:00:00.000,False,91.47
627,806,805,2020-11-08 00:00:00.000,False,4.85
628,415,414,2020-11-08 00:00:00.000,False,79.2
629,465,464,2020-11-08 00:00:00.000,False,42.07
631,252,251,2020-11-08 00:00:00.000,False,21.36
637,185,184,2020-11-09 00:00:00.000,False,72.25
640,435,434,2020-11-12 00:00:00.000,False,63.79
642,191,190,2020-11-12 00:00:00.000,False,80.16
644,771,770,2020-11-13 00:00:00.000,False,98.3
645,697,696,2020-11-14 00:00:00.000,False,45.63
648,841,840,2020-11-14 00:00:00.000,False,66.48
649,328,327,2020-11-14 00:00:00.000,False,58.53
652,398,397,2020-11-15 00:00:00.000,False,81.05
653,661,660,2020-11-21 00:00:00.000,False,15.75
655,626,625,2020-11-23 00:00:00.000,False,68.82
656,682,681,2020-11-23 00:00:00.000,False,23.26
658,524,523,2020-11-23 00:00:00.000,False,82.01
661,839,838,2020-11-25 00:00:00.000,False,15.52
663,394,393,2020-11-27 00:00:00.000,False,75.43
664,325,324,2020-11-27 00:00:00.000,False,27.66
667,508,507,2020-11-29 00:00:00.000,False,72.74
669,303,302,2020-12-01 00:00:00.000,False,82
671,194,193,2020-12-01 00:00:00.000,False,8.32
673,361,360,2020-12-02 00:00:00.000,False,44.96
677,603,602,2020-12-05 00:00:00.000,False,18.25
678,43,42,2020-12-05 00:00:00.000,False,86.02
679,876,875,2020-12-05 00:00:00.000,False,60.78
681,613,612,2020-12-06 00:00:00.000,False,3.49
683,526,525,2020-12-07 00:00:00.000,False,79.15
686,299,298,2020-12-09 00:00:00.000,False,85.02
687,181,180,2020-12-10 00:00:00.000,False,41.62
691,853,852,2020-12-11 00:00:00.000,False,93.73
692,292,291,2020-12-11 00:00:00.000,False,35.76
693,150,149,2020-12-15 00:00:00.000,False,40.99
694,327,326,2020-12-15 00:00:00.000,False,19.52
697,826,825,2020-12-15 00:00:00.000,False,87.11
699,979,978,2020-12-16 00:00:00.000,False,97.5
701,333,332,2020-12-17 00:00:00.000,False,10.59
704,239,238,2020-12-17 00:00:00.000,False,38.71
705,549,548,2020-12-17 00:00:00.000,False,97.38
708,529,528,2020-12-17 00:00:00.000,False,65.84
709,699,698,2020-12-19 00:00:00.000,False,76.28
712,237,236,2020-12-22 00:00:00.000,False,76.19
714,178,177,2020-12-22 00:00:00.000,False,36.42
715,624,623,2020-12-25 00:00:00.000,False,93.73
719,347,346,2020-12-27 00:00:00.000,False,13.32
720,9,8,2020-12-27 00:00:00.000,False,91.05
721,915,914,2020-12-28 00:00:00.000,False,77.46
725,768,767,2020-12-30 00:00:00.000,False,24.01
727,409,408,2020-12-30 00:00:00.000,False,89.06
728,22,21,2020-12-30 00:00:00.000,False,61.97
729,889,888,2020-12-31 00:00:00.000,False,83.91
731,96,95,2021-01-01 00:00:00.000,False,28.9
732,956,955,2021-01-01 00:00:00.000,False,31.52
736,56,55,2021-01-02 00:00:00.000,False,51.13
737,657,656,2021-01-04 00:00:00.000,False,6.97
740,198,197,2021-01-04 00:00:00.000,False,96.46
743,567,566,2021-01-05 00:00:00.000,False,12.55
744,561,560,2021-01-05 00:00:00.000,False,56.75
745,822,821,2021-01-06 00:00:00.000,False,52.49
748,520,519,2021-01-06 00:00:00.000,False,73.62
749,643,642,2021-01-07 00:00:00.000,False,29.86
751,431,430,2021-01-11 00:00:00.000,False,53.58
754,808,807,2021-01-13 00:00:00.000,False,31.71
756,77,76,2021-01-13 00:00:00.000,False,22.4
757,438,437,2021-01-14 00:00:00.000,False,35.27
759,362,361,2021-01-16 00:00:00.000,False,45.13
761,236,235,2021-01-17 00:00:00.000,False,79.15
764,845,844,2021-01-18 00:00:00.000,False,57.61
766,105,104,2021-01-18 00:00:00.000,False,16.17
767,110,109,2021-01-19 00:00:00.000,False,65.47
768,929,928,2021-01-19 00:00:00.000,False,3.18
772,747,746,2021-01-21 00:00:00.000,False,48.96
773,619,618,2021-01-25 00:00:00.000,False,16.63
774,41,40,2021-01-25 00:00:00.000,False,33.7
777,546,545,2021-01-28 00:00:00.000,False,45.51
780,584,583,2021-01-29 00:00:00.000,False,49.56
782,951,950,2021-01-31 00:00:00.000,False,54.36
783,428,427,2021-02-01 00:00:00.000,False,23.12
785,6,5,2021-02-02 00:00:00.000,False,63.64
788,201,200,2021-02-04 00:00:00.000,False,32.21
789,797,796,2021-02-08 00:00:00.000,False,7.28
790,490,489,2021-02-08 00:00:00.000,False,48.82
794,324,323,2021-02-08 00:00:00.000,False,41.56
795,250,249,2021-02-09 00:00:00.000,False,22.11
797,791,790,2021-02-11 00:00:00.000,False,51.43
800,560,559,2021-02-12 00:00:00.000,False,84.75
801,523,522,2021-02-12 00:00:00.000,False,46.97
803,996,995,2021-02-13 00:00:00.000,False,22.68
805,228,227,2021-02-13 00:00:00.000,False,40.64
808,317,316,2021-02-14 00:00:00.000,False,15.15
809,565,564,2021-02-14 00:00:00.000,False,85.69
812,381,380,2021-02-15 00:00:00.000,False,92.59
814,902,901,2021-02-16 00:00:00.000,False,81.1
817,219,218,2021-02-18 00:00:00.000,False,95.67
818,264,263,2021-02-18 00:00:00.000,False,71.27
819,706,705,2021-02-19 00:00:00.000,False,60.3
822,243,242,2021-02-19 00:00:00.000,False,72.19
823,404,403,2021-02-21 00:00:00.000,False,66.91
824,852,851,2021-02-21 00:00:00.000,False,41
825,148,147,2021-02-21 00:00:00.000,False,31.43
829,719,718,2021-02-22 00:00:00.000,False,28.61
832,846,845,2021-02-26 00:00:00.000,False,10.89
833,223,222,2021-02-27 00:00:00.000,False,90.73
836,74,73,2021-02-28 00:00:00.000,False,26.73
837,522,521,2021-03-01 00:00:00.000,False,38.29
841,772,771,2021-03-03 00:00:00.000,False,63.5
842,502,501,2021-03-03 00:00:00.000,False,89.79
844,350,349,2021-03-04 00:00:00.000,False,48.03
846,646,645,2021-03-06 00:00:00.000,False,65.76
848,647,646,2021-03-06 00:00:00.000,False,69.64
850,684,683,2021-03-09 00:00:00.000,False,23.27
851,32,31,2021-03-12 00:00:00.000,False,29.39
853,365,364,2021-03-13 00:00:00.000,False,64.82
854,417,416,2021-03-13 00:00:00.000,False,91.92
857,903,902,2021-03-14 00:00:00.000,False,29.24
860,946,945,2021-03-14 00:00:00.000,False,76.69
862,562,561,2021-03-15 00:00:00.000,False,31.2
864,767,766,2021-03-15 00:00:00.000,False,19.54
865,600,599,2021-03-18 00:00:00.000,False,37.38
866,45,44,2021-03-18 00:00:00.000,False,31.82
870,405,404,2021-03-19 00:00:00.000,False,48.14
871,55,54,2021-03-21 00:00:00.000,False,32.74
874,85,84,2021-03-22 00:00:00.000,False,71.12
875,351,350,2021-03-23 00:00:00.000,False,40.77
876,272,271,2021-03-23 00:00:00.000,False,71.09
878,383,382,2021-03-23 00:00:00.000,False,12.72
881,343,342,2021-03-24 00:00:00.000,False,60.62
884,259,258,2021-03-24 00:00:00.000,False,95.47
886,936,935,2021-03-26 00:00:00.000,False,84.84
890,118,117,2021-03-27 00:00:00.000,False,24.52
891,75,74,2021-03-27 00:00:00.000,False,19.95
892,745,744,2021-03-27 00:00:00.000,False,61.21
894,635,634,2021-03-29 00:00:00.000,False,34.02
895,138,137,2021-03-30 00:00:00.000,False,37.78
896,480,479,2021-03-30 00:00:00.000,False,71.6
899,733,732,2021-04-02 00:00:00.000,False,74.77
901,37,36,2021-04-04 00:00:00.000,False,84.09
902,245,244,2021-04-04 00:00:00.000,False,84.32
905,80,79,2021-04-07 00:00:00.000,False,45.3
908,541,540,2021-04-08 00:00:00.000,False,31.19
909,213,212,2021-04-12 00:00:00.000,False,53.91
911,749,748,2021-04-13 00:00:00.000,False,46.39
914,615,614,2021-04-14 00:00:00.000,False,88.47
916,10,9,2021-04-16 00:00:00.000,False,86.28
917,48,47,2021-04-17 00:00:00.000,False,45.57
919,189,188,2021-04-17 00:00:00.000,False,80.5
920,390,389,2021-04-17 00:00:00.000,False,46.79
921,13,12,2021-04-17 00:00:00.000,False,25.98
925,227,226,2021-04-18 00:00:00.000,False,34.11
928,87,86,2021-04-19 00:00:00.000,False,4.27
929,132,131,2021-04-22 00:00:00.000,False,75.6
931,836,835,2021-04-22 00:00:00.000,False,99.59
933,461,460,2021-04-24 00:00:00.000,False,10.31
936,685,684,2021-04-25 00:00:00.000,False,39.7
938,262,261,2021-04-25 00:00:00.000,False,75.78
939,137,136,2021-04-25 00:00:00.000,False,88.17
942,67,66,2021-04-25 00:00:00.000,False,95.19
944,919,918,2021-04-26 00:00:00.000,False,33.81
945,885,884,2021-04-27 00:00:00.000,False,18.98
948,285,284,2021-04-27 00:00:00.000,False,82.69
950,545,544,2021-04-28 00:00:00.000,False,70.86
952,911,910,2021-05-01 00:00:00.000,False,25.74
953,666,665,2021-05-03 00:00:00.000,False,37.46
954,940,939,2021-05-03 00:00:00.000,False,94.51
957,418,417,2021-05-04 00:00:00.000,False,37.6
960,995,994,2021-05-05 00:00:00.000,False,34.68
963,39,38,2021-05-06 00:00:00.000,False,15.9
964,720,719,2021-05-06 00:00:00.000,False,39.38
966,901,900,2021-05-08 00:00:00.000,False,61.58
969,637,636,2021-05-09 00:00:00.000,False,87.74
970,611,610,2021-05-09 00:00:00.000,False,34.66
971,211,210,2021-05-10 00:00:00.000,False,67.14
973,818,817,2021-05-12 00:00:00.000,False,57.1
976,862,861,2021-05-12 00:00:00.000,False,63.5
978,73,72,2021-05-15 00:00:00.000,False,48.52
980,762,761,2021-05-16 00:00:00.000,False,64.54
981,827,826,2021-05-16 00:00:00.000,False,22.51
983,709,708,2021-05-18 00:00:00.000,False,25.25
986,840,839,2021-05-19 00:00:00.000,False,10.59
987,753,752,2021-05-19 00:00:00.000,False,60.01
989,676,675,2021-05-20 00:00:00.000,False,5.79
992,702,701,2021-05-21 00:00:00.000,False,75.97
994,515,514,2021-05-24 00:00:00.000,False,1.3
996,466,465,2021-05-25 00:00:00.000,False,54.58
997,882,881,2021-05-30 00:00:00.000,False,77.9
998,289,288,2021-05-30 00:00:00.000,False,62.45
999,586,585,2021-05-30 00:00:00.000,False,46.14
1004,809,808,2021-05-31 00:00:00.000,False,15.68
1005,731,730,2021-06-01 00:00:00.000,False,45.76
1006,153,152,2021-06-01 00:00:00.000,False,54.94
1010,60,59,2021-06-02 00:00:00.000,False,3.76
1011,144,143,2021-06-03 00:00:00.000,False,75.14
1014,171,170,2021-06-04 00:00:00.000,False,89.82
1015,90,89,2021-06-08 00:00:00.000,False,29.57
1018,197,196,2021-06-09 00:00:00.000,False,21.93
1019,890,889,2021-06-11 00:00:00.000,False,74.6
1020,664,663,2021-06-11 00:00:00.000,False,92.48
1025,156,155,2021-06-12 00:00:00.000,False,97.23
1026,629,628,2021-06-12 00:00:00.000,False,52.22
1027,974,973,2021-06-14 00:00:00.000,False,79.63
1030,429,428,2021-06-14 00:00:00.000,False,47.24
1032,752,751,2021-06-19 00:00:00.000,False,61.99
1034,505,504,2021-06-19 00:00:00.000,False,96.4
1035,83,82,2021-06-22 00:00:00.000,False,17.37
1038,86,85,2021-06-24 00:00:00.000,False,9.94
1040,68,67,2021-06-24 00:00:00.000,False,31.52
1043,512,511,2021-06-25 00:00:00.000,False,40.45
1044,813,812,2021-06-25 00:00:00.000,False,19.72
1046,789,788,2021-06-25 00:00:00.000,False,8.14
1048,777,776,2021-06-28 00:00:00.000,False,15.04
1050,930,929,2021-06-28 00:00:00.000,False,50.56
1051,938,937,2021-06-29 00:00:00.000,False,63.42
1052,977,976,2021-06-29 00:00:00.000,False,2.33
1056,939,938,2021-06-30 00:00:00.000,False,60.25
1057,577,576,2021-07-05 00:00:00.000,False,43.93
1058,531,530,2021-07-05 00:00:00.000,False,65.68
1061,224,223,2021-07-05 00:00:00.000,False,68.1
1063,78,77,2021-07-07 00:00:00.000,False,65.44
1066,538,537,2021-07-09 00:00:00.000,False,89.27
1068,481,480,2021-07-12 00:00:00.000,False,90.55
1069,76,75,2021-07-14 00:00:00.000,False,22.75
1073,134,133,2021-07-16 00:00:00.000,False,61.92
1074,726,725,2021-07-16 00:00:00.000,False,87.22
1077,746,745,2021-07-16 00:00:00.000,False,25.81
1078,838,837,2021-07-16 00:00:00.000,False,56.21
1079,535,534,2021-07-17 00:00:00.000,False,67.22
1082,395,394,2021-07-17 00:00:00.000,False,69.63
1084,294,293,2021-07-19 00:00:00.000,False,54.17
1085,907,906,2021-07-21 00:00:00.000,False,32.9
1088,413,412,2021-07-22 00:00:00.000,False,69.96
1090,815,814,2021-07-27 00:00:00.000,False,3.27
1091,805,804,2021-07-27 00:00:00.000,False,59.57
1093,190,189,2021-07-28 00:00:00.000,False,45.69
1095,553,552,2021-07-28 00:00:00.000,False,84.22
1097,95,94,2021-07-30 00:00:00.000,False,83.78
1101,440,439,2021-08-02 00:00:00.000,False,11.6
1102,172,171,2021-08-02 00:00:00.000,False,8.47
1104,147,146,2021-08-03 00:00:00.000,False,68.57
1106,985,984,2021-08-04 00:00:00.000,False,62.81
1107,513,512,2021-08-12 00:00:00.000,False,22.47
1109,551,550,2021-08-13 00:00:00.000,False,56.68
1112,503,502,2021-08-14 00:00:00.000,False,18.23
1114,98,97,2021-08-14 00:00:00.000,False,47.22
1115,608,607,2021-08-14 00:00:00.000,False,58.26
1119,240,239,2021-08-15 00:00:00.000,False,95.04
1120,500,499,2021-08-15 00:00:00.000,False,54.48
1122,234,233,2021-08-16 00:00:00.000,False,51.49
1123,784,783,2021-08-17 00:00:00.000,False,82.11
1126,873,872,2021-08-20 00:00:00.000,False,38.79
1128,255,254,2021-08-20 00:00:00.000,False,65.41
1129,824,823,2021-08-22 00:00:00.000,False,87.91
1133,757,756,2021-08-23 00:00:00.000,False,75.15
1134,547,546,2021-08-23 00:00:00.000,False,50.21
1138,281,280,2021-08-24 00:00:00.000,False,5.11
1139,63,62,2021-08-24 00:00:00.000,False,81.98
1140,599,598,2021-08-24 00:00:00.000,False,16.49
1142,960,959,2021-08-26 00:00:00.000,False,35.4
1143,302,301,2021-08-29 00:00:00.000,False,40.45
1146,479,478,2021-08-30 00:00:00.000,False,2.37
1149,705,704,2021-09-01 00:00:00.000,False,29.43
1150,828,827,2021-09-01 00:00:00.000,False,48.72
1151,353,352,2021-09-02 00:00:00.000,False,52.85
1152,202,201,2021-09-02 00:00:00.000,False,99.85
1156,792,791,2021-09-03 00:00:00.000,False,74.7
1157,925,924,2021-09-04 00:00:00.000,False,58.69
1160,825,824,2021-09-04 00:00:00.000,False,38.53
1161,51,50,2021-09-08 00:00:00.000,False,83.86
1163,447,446,2021-09-08 00:00:00.000,False,32.19
1165,157,156,2021-09-09 00:00:00.000,False,75.28
1167,483,482,2021-09-10 00:00:00.000,False,76.5
1170,698,697,2021-09-13 00:00:00.000,False,25.22
1172,277,276,2021-09-16 00:00:00.000,False,15.31
1173,842,841,2021-09-17 00:00:00.000,False,4.31
1176,207,206,2021-09-18 00:00:00.000,False,37.08
1178,315,314,2021-09-20 00:00:00.000,False,79.07
1180,779,778,2021-09-20 00:00:00.000,False,92.69
1181,346,345,2021-09-22 00:00:00.000,False,37.54
1184,121,120,2021-09-23 00:00:00.000,False,1.65
1186,24,23,2021-09-28 00:00:00.000,False,27.07
1188,927,926,2021-09-29 00:00:00.000,False,89.75
1189,692,691,2021-09-30 00:00:00.000,False,11.92
1193,235,234,2021-10-02 00:00:00.000,False,40.12
1194,221,220,2021-10-02 00:00:00.000,False,1.11
1196,64,63,2021-10-05 00:00:00.000,False,21.45
1198,895,894,2021-10-06 00:00:00.000,False,98.53
1200,518,517,2021-10-06 00:00:00.000,False,22.16
1202,142,141,2021-10-07 00:00:00.000,False,51.72
1204,125,124,2021-10-12 00:00:00.000,False,98.05
1205,923,922,2021-10-13 00:00:00.000,False,73.6
1207,675,674,2021-10-13 00:00:00.000,False,66.45
1210,991,990,2021-10-14 00:00:00.000,False,10.08
1211,452,451,2021-10-17 00:00:00.000,False,46.51
1215,348,347,2021-10-18 00:00:00.000,False,9.06
1216,473,472,2021-10-18 00:00:00.000,False,73.07
1217,998,997,2021-10-20 00:00:00.000,False,28.02
1220,72,71,2021-10-21 00:00:00.000,False,29.71
1221,906,905,2021-10-22 00:00:00.000,False,59.96
1223,843,842,2021-10-23 00:00:00.000,False,66.26
1225,655,654,2021-10-24 00:00:00.000,False,98.66
1228,848,847,2021-10-28 00:00:00.000,False,17.1
1230,507,506,2021-10-30 00:00:00.000,False,79.57
1232,663,662,2021-11-02 00:00:00.000,False,6.82
1233,92,91,2021-11-05 00:00:00.000,False,30.69
1236,154,153,2021-11-07 00:00:00.000,False,13.06
1238,918,917,2021-11-11 00:00:00.000,False,39.14
1240,884,883,2021-11-11 00:00:00.000,False,86.23
1241,937,936,2021-11-13 00:00:00.000,False,77.64
1242,11,10,2021-11-13 00:00:00.000,False,31.34
1246,130,129,2021-11-15 00:00:00.000,False,81.01
1249,735,734,2021-11-15 00:00:00.000,False,22.22
1250,244,243,2021-11-15 00:00:00.000,False,32.18
1252,964,963,2021-11-16 00:00:00.000,False,8.56
1253,378,377,2021-11-20 00:00:00.000,False,84.47
1256,961,960,2021-11-24 00:00:00.000,False,11.8
1258,392,391,2021-11-26 00:00:00.000,False,91.32
1259,54,53,2021-11-26 00:00:00.000,False,22.02
1261,892,891,2021-11-27 00:00:00.000,False,24.09
1265,17,16,2021-11-27 00:00:00.000,False,63.21
1266,445,444,2021-11-27 00:00:00.000,False,70.29
1268,962,961,2021-11-29 00:00:00.000,False,69.23
1271,345,344,2021-11-30 00:00:00.000,False,78.77
1272,326,325,2021-11-30 00:00:00.000,False,56.36
1274,379,378,2021-12-01 00:00:00.000,False,58.57
1275,403,402,2021-12-03 00:00:00.000,False,87.37
1279,290,289,2021-12-05 00:00:00.000,False,87.14
1280,786,785,2021-12-05 00:00:00.000,False,93.77
1281,123,122,2021-12-05 00:00:00.000,False,37.86
1283,640,639,2021-12-06 00:00:00.000,False,94.66
1286,371,370,2021-12-07 00:00:00.000,False,24.1
1289,316,315,2021-12-10 00:00:00.000,False,18.74
1290,101,100,2021-12-10 00:00:00.000,False,22.46
1291,821,820,2021-12-11 00:00:00.000,False,48.23
1293,442,441,2021-12-12 00:00:00.000,False,88.2
1294,554,553,2021-12-12 00:00:00.000,False,7.13
1297,972,971,2021-12-13 00:00:00.000,False,14.45
1299,499,498,2021-12-13 00:00:00.000,False,97.48
1301,112,111,2021-12-14 00:00:00.000,False,44.7
1304,23,22,2021-12-15 00:00:00.000,False,36.98
1306,728,727,2021-12-15 00:00:00.000,False,89.17
1307,948,947,2021-12-18 00:00:00.000,False,79.75
1309,896,895,2021-12-19 00:00:00.000,False,81.55
1312,472,471,2021-12-19 00:00:00.000,False,57.97
1313,748,747,2021-12-20 00:00:00.000,False,14.14
1315,401,400,2021-12-20 00:00:00.000,False,97.84
1319,886,885,2021-12-23 00:00:00.000,False,96.8
1320,530,529,2021-12-23 00:00:00.000,False,32.08
1322,139,138,2021-12-24 00:00:00.000,False,89.59
1323,487,486,2021-12-25 00:00:00.000,False,76.45
1326,391,390,2021-12-25 00:00:00.000,False,80.25
1328,330,329,2021-12-26 00:00:00.000,False,4.39
1331,623,622,2021-12-27 00:00:00.000,False,6.73
1332,469,468,2021-12-27 00:00:00.000,False,8.74
1334,50,49,2021-12-28 00:00:00.000,False,17.19
1336,291,290,2021-12-30 00:00:00.000,False,7.61
1337,288,287,2021-12-30 00:00:00.000,False,31.42
1341,455,454,2022-01-05 00:00:00.000,False,83.15
1342,856,855,2022-01-05 00:00:00.000,False,71.65
1343,928,927,2022-01-05 00:00:00.000,False,27.96
1345,42,41,2022-01-07 00:00:00.000,False,18.6
1348,14,13,2022-01-07 00:00:00.000,False,96.84
1349,992,991,2022-01-08 00:00:00.000,False,14.19
1352,654,653,2022-01-09 00:00:00.000,False,63.38
1353,320,319,2022-01-09 00:00:00.000,False,69.65
1357,761,760,2022-01-10 00:00:00.000,False,35.67
1358,924,923,2022-01-10 00:00:00.000,False,83.37
1360,106,105,2022-01-12 00:00:00.000,False,74.87
1361,474,473,2022-01-12 00:00:00.000,False,87.28
1364,765,764,2022-01-17 00:00:00.000,False,41.61
1366,793,792,2022-01-19 00:00:00.000,False,36.44
1367,787,786,2022-01-21 00:00:00.000,False,98.95
1370,587,586,2022-01-21 00:00:00.000,False,53.31
1372,275,274,2022-01-22 00:00:00.000,False,28.42
1374,184,183,2022-01-23 00:00:00.000,False,97.28
1375,416,415,2022-01-23 00:00:00.000,False,48.22
1378,750,749,2022-01-24 00:00:00.000,False,70.86
1380,36,35,2022-01-24 00:00:00.000,False,3.41
1381,253,252,2022-01-26 00:00:00.000,False,79.73
1383,810,809,2022-01-28 00:00:00.000,False,73.42
1386,364,363,2022-01-29 00:00:00.000,False,57.79
1388,231,230,2022-01-29 00:00:00.000,False,76.57
1389,266,265,2022-01-29 00:00:00.000,False,23.55
1392,453,452,2022-01-30 00:00:00.000,False,75.37
1394,804,803,2022-01-31 00:00:00.000,False,20.05
1395,627,626,2022-01-31 00:00:00.000,False,23.41
1398,400,399,2022-02-02 00:00:00.000,False,9.08
1399,274,273,2022-02-04 00:00:00.000,False,12.42
1401,307,306,2022-02-07 00:00:00.000,False,50.68
1402,389,388,2022-02-07 00:00:00.000,False,26.67
1406,386,385,2022-02-07 00:00:00.000,False,78.26
1408,989,988,2022-02-09 00:00:00.000,False,62.03
1410,122,121,2022-02-11 00:00:00.000,False,77.23
1412,589,588,2022-02-12 00:00:00.000,False,20.57
1415,387,386,2022-02-13 00:00:00.000,False,97.89
1416,79,78,2022-02-13 00:00:00.000,False,55.93
1417,427,426,2022-02-15 00:00:00.000,False,71.81
1422,770,769,2022-02-16 00:00:00.000,False,72.53
1423,486,485,2022-02-16 00:00:00.000,False,33.54
1424,175,174,2022-02-16 00:00:00.000,False,24.89
1425,332,331,2022-02-19 00:00:00.000,False,24.52
1427,829,828,2022-02-19 00:00:00.000,False,51.42
1429,57,56,2022-02-20 00:00:00.000,False,54.68
1431,91,90,2022-02-22 00:00:00.000,False,71.1
1434,866,865,2022-02-23 00:00:00.000,False,80.59
1435,926,925,2022-02-26 00:00:00.000,False,81.42
1437,910,909,2022-02-27 00:00:00.000,False,94.88
1439,585,584,2022-02-28 00:00:00.000,False,46.17
1441,482,481,2022-02-28 00:00:00.000,False,23.37
1443,959,958,2022-03-03 00:00:00.000,False,82.41
1446,877,876,2022-03-03 00:00:00.000,False,14.26
1448,662,661,2022-03-04 00:00:00.000,False,27.24
1449,572,571,2022-03-05 00:00:00.000,False,69.04
1450,812,811,2022-03-05 00:00:00.000,False,81.9
1451,296,295,2022-03-05 00:00:00.000,False,86.7
1456,301,300,2022-03-06 00:00:00.000,False,88.46
1457,44,43,2022-03-12 00:00:00.000,False,35.33
1460,127,126,2022-03-12 00:00:00.000,False,62.6
1462,527,526,2022-03-14 00:00:00.000,False,53.86
1463,430,429,2022-03-14 00:00:00.000,False,10.42
1466,569,568,2022-03-18 00:00:00.000,False,38.75
1468,716,715,2022-03-19 00:00:00.000,False,12.68
1470,229,228,2022-03-21 00:00:00.000,False,42.55
1471,494,493,2022-03-24 00:00:00.000,False,38.14
1472,922,921,2022-03-24 00:00:00.000,False,8.3
1473,218,217,2022-03-24 00:00:00.000,False,60.59
1478,847,846,2022-03-24 00:00:00.000,False,13.44
1479,597,596,2022-03-27 00:00:00.000,False,33.65
1483,729,728,2022-03-28 00:00:00.000,False,59.34
1484,293,292,2022-03-28 00:00:00.000,False,80.41
1485,382,381,2022-03-28 00:00:00.000,False,22.55
1486,672,671,2022-03-28 00:00:00.000,False,2.88
1489,835,834,2022-03-29 00:00:00.000,False,56.38
1492,641,640,2022-03-29 00:00:00.000,False,17.22
1493,690,689,2022-03-30 00:00:00.000,False,52.14
1496,794,793,2022-03-31 00:00:00.000,False,47.65
1498,258,257,2022-04-01 00:00:00.000,False,1.29
1499,741,740,2022-04-02 00:00:00.000,False,68.51
1501,498,497,2022-04-02 00:00:00.000,False,95.46
1504,437,436,2022-04-03 00:00:00.000,False,11.54
1506,634,633,2022-04-03 00:00:00.000,False,51.14
1508,436,435,2022-04-04 00:00:00.000,False,4.19
1509,450,449,2022-04-04 00:00:00.000,False,21.93
1511,739,738,2022-04-05 00:00:00.000,False,78.89
1516,543,542,2022-04-06 00:00:00.000,False,89.17
1517,20,19,2022-04-06 00:00:00.000,False,53.56
1518,917,916,2022-04-06 00:00:00.000,False,99.88
1519,528,527,2022-04-09 00:00:00.000,False,6.12
1521,870,869,2022-04-11 00:00:00.000,False,38.02
1523,814,813,2022-04-13 00:00:00.000,False,61.44
1526,516,515,2022-04-14 00:00:00.000,False,20.84
1528,983,982,2022-04-14 00:00:00.000,False,89.12
1529,93,92,2022-04-15 00:00:00.000,False,5.97
1530,241,240,2022-04-15 00:00:00.000,False,14.62
1533,887,886,2022-04-16 00:00:00.000,False,39.16
1534,359,358,2022-04-16 00:00:00.000,False,38.54
1537,576,575,2022-04-16 00:00:00.000,False,11.31
1539,308,307,2022-04-17 00:00:00.000,False,41.52
1541,854,853,2022-04-18 00:00:00.000,False,64.89
1544,475,474,2022-04-18 00:00:00.000,False,43.16
1546,651,650,2022-04-19 00:00:00.000,False,92.42
1547,263,262,2022-04-20 00:00:00.000,False,37.47
1550,592,591,2022-04-23 00:00:00.000,False,81.38
1552,478,477,2022-04-23 00:00:00.000,False,72.37
1553,689,688,2022-04-24 00:00:00.000,False,4.91
1556,273,272,2022-04-26 00:00:00.000,False,2.96
1558,97,96,2022-04-28 00:00:00.000,False,4.52
1560,879,878,2022-05-02 00:00:00.000,False,78.63
1562,969,968,2022-05-04 00:00:00.000,False,74.87
1564,380,379,2022-05-04 00:00:00.000,False,9.46
1565,578,577,2022-05-04 00:00:00.000,False,76.09
1568,164,163,2022-05-10 00:00:00.000,False,2.09
1569,544,543,2022-05-10 00:00:00.000,False,28.45
1572,406,405,2022-05-11 00:00:00.000,False,78.92
1574,161,160,2022-05-14 00:00:00.000,False,67.7
1575,140,139,2022-05-14 00:00:00.000,False,47.78
1579,491,490,2022-05-15 00:00:00.000,False,8.36
1580,953,952,2022-05-15 00:00:00.000,False,80.59
1581,593,592,2022-05-16 00:00:00.000,False,92.5
1583,612,611,2022-05-18 00:00:00.000,False,82.97
1585,555,554,2022-05-18 00:00:00.000,False,17.95
1588,782,781,2022-05-18 00:00:00.000,False,8.09
1589,412,411,2022-05-22 00:00:00.000,False,70.04
1591,226,225,2022-05-24 00:00:00.000,False,81.75
1593,883,882,2022-05-24 00:00:00.000,False,79.71
1596,604,603,2022-05-25 00:00:00.000,False,37.33
1598,975,974,2022-05-25 00:00:00.000,False,97.86
1600,521,520,2022-05-26 00:00:00.000,False,15.75
1602,131,130,2022-05-29 00:00:00.000,False,93.41
1604,881,880,2022-05-31 00:00:00.000,False,14.67
1605,248,247,2022-05-31 00:00:00.000,False,17.98
1607,632,631,2022-06-02 00:00:00.000,False,6.2
1610,385,384,2022-06-03 00:00:00.000,False,96.19
1612,193,192,2022-06-03 00:00:00.000,False,52.61
1614,638,637,2022-06-04 00:00:00.000,False,62.02
1615,284,283,2022-06-05 00:00:00.000,False,45.1
1616,958,957,2022-06-05 00:00:00.000,False,57.11
1619,933,932,2022-06-06 00:00:00.000,False,14.25
1621,984,983,2022-06-07 00:00:00.000,False,91.98
1624,743,742,2022-06-07 00:00:00.000,False,19.15
1628,820,819,2022-06-08 00:00:00.000,False,27.26
1629,776,775,2022-06-08 00:00:00.000,False,19.02
1630,467,466,2022-06-08 00:00:00.000,False,48.81
1632,921,920,2022-06-09 00:00:00.000,False,62.97
1634,872,871,2022-06-10 00:00:00.000,False,51.14
1635,62,61,2022-06-10 00:00:00.000,False,9.37
1637,82,81,2022-06-11 00:00:00.000,False,69.28
1640,393,392,2022-06-11 00:00:00.000,False,82.08
1642,942,941,2022-06-12 00:00:00.000,False,79.35
1643,423,422,2022-06-13 00:00:00.000,False,35.1
1645,730,729,2022-06-16 00:00:00.000,False,95.57
1648,210,209,2022-06-17 00:00:00.000,False,24.21
1649,460,459,2022-06-19 00:00:00.000,False,36.9
1652,141,140,2022-06-19 00:00:00.000,False,58.92
1654,982,981,2022-06-20 00:00:00.000,False,79.07
1656,849,848,2022-06-21 00:00:00.000,False,49.23
1657,908,907,2022-06-23 00:00:00.000,False,17
1659,874,873,2022-06-23 00:00:00.000,False,59.71
1662,681,680,2022-06-24 00:00:00.000,False,3.97
1664,339,338,2022-06-24 00:00:00.000,False,56.88
1666,760,759,2022-06-26 00:00:00.000,False,42.98
1667,84,83,2022-07-01 00:00:00.000,False,15.72
1670,149,148,2022-07-01 00:00:00.000,False,82.93
1671,88,87,2022-07-03 00:00:00.000,False,64.77
1674,837,836,2022-07-07 00:00:00.000,False,95.49
1675,763,762,2022-07-09 00:00:00.000,False,25.96
1678,120,119,2022-07-10 00:00:00.000,False,79.34
1679,441,440,2022-07-12 00:00:00.000,False,97.43
1682,276,275,2022-07-15 00:00:00.000,False,48.27
1684,468,467,2022-07-16 00:00:00.000,False,38.87
1685,550,549,2022-07-17 00:00:00.000,False,78.48
1686,129,128,2022-07-17 00:00:00.000,False,29.33
1689,740,739,2022-07-18 00:00:00.000,False,90.45
1691,89,88,2022-07-19 00:00:00.000,False,77.22
1694,195,194,2022-07-19 00:00:00.000,False,45.1
1695,489,488,2022-07-23 00:00:00.000,False,67.43
1698,712,711,2022-08-04 00:00:00.000,False,32.98
1701,128,127,2022-08-06 00:00:00.000,False,19.09
1702,674,673,2022-08-06 00:00:00.000,False,18.38
1704,725,724,2022-08-08 00:00:00.000,False,26.1
1705,686,685,2022-08-09 00:00:00.000,False,57.86
1708,781,780,2022-08-10 00:00:00.000,False,6.69
1709,419,418,2022-08-10 00:00:00.000,False,80.27
1712,534,533,2022-08-11 00:00:00.000,False,62.5
1713,295,294,2022-08-12 00:00:00.000,False,75
1715,987,986,2022-08-13 00:00:00.000,False,26.82
1718,737,736,2022-08-18 00:00:00.000,False,78.3
1721,601,600,2022-08-19 00:00:00.000,False,67.55
1722,370,369,2022-08-19 00:00:00.000,False,5.16
1723,863,862,2022-08-22 00:00:00.000,False,54.31
1724,311,310,2022-08-22 00:00:00.000,False,22.97
1727,411,410,2022-08-24 00:00:00.000,False,31.4
1728,914,913,2022-08-24 00:00:00.000,False,89.59
1733,159,158,2022-08-28 00:00:00.000,False,50.71
1734,65,64,2022-08-28 00:00:00.000,False,32.78
1737,844,843,2022-08-30 00:00:00.000,False,57.01
1738,955,954,2022-08-30 00:00:00.000,False,65.5
1741,33,32,2022-08-31 00:00:00.000,False,80.78
1742,49,48,2022-08-31 00:00:00.000,False,78.35
1743,53,52,2022-09-01 00:00:00.000,False,60.4
1746,542,541,2022-09-02 00:00:00.000,False,82.75
1748,28,27,2022-09-03 00:00:00.000,False,95.63
1749,622,621,2022-09-04 00:00:00.000,False,94.91
1750,117,116,2022-09-04 00:00:00.000,False,43.79
1751,574,573,2022-09-04 00:00:00.000,False,71.84
1755,265,264,2022-09-07 00:00:00.000,False,9.14
1756,595,594,2022-09-07 00:00:00.000,False,34.78
1760,710,709,2022-09-10 00:00:00.000,False,64.45
1761,900,899,2022-09-11 00:00:00.000,False,65.23
1763,993,992,2022-09-12 00:00:00.000,False,67.87
1767,338,337,2022-09-14 00:00:00.000,False,35.68
1768,113,112,2022-09-14 00:00:00.000,False,63.85
1769,246,245,2022-09-17 00:00:00.000,False,16.43
1772,484,483,2022-09-17 00:00:00.000,False,95.49
1774,533,532,2022-09-23 00:00:00.000,False,47.03
1776,957,956,2022-09-23 00:00:00.000,False,58.19
1777,446,445,2022-09-26 00:00:00.000,False,59.41
1780,168,167,2022-09-26 00:00:00.000,False,8.28
1782,648,647,2022-09-27 00:00:00.000,False,87.84
1784,340,339,2022-09-28 00:00:00.000,False,43.48
1785,758,757,2022-09-28 00:00:00.000,False,37.97
1788,102,101,2022-09-30 00:00:00.000,False,92.87
1789,271,270,2022-10-01 00:00:00.000,False,12.29
1793,591,590,2022-10-02 00:00:00.000,False,29.18
1794,609,608,2022-10-02 00:00:00.000,False,90.72
1796,495,494,2022-10-03 00:00:00.000,False,19.04
1797,111,110,2022-10-03 00:00:00.000,False,70.45
1799,540,539,2022-10-04 00:00:00.000,False,57.91
1802,867,866,2022-10-05 00:00:00.000,False,98.46
1804,671,670,2022-10-07 00:00:00.000,False,13.72
1805,607,606,2022-10-07 00:00:00.000,False,9.05
1807,631,630,2022-10-09 00:00:00.000,False,77.94
1809,723,722,2022-10-09 00:00:00.000,False,92.43
1812,677,676,2022-10-11 00:00:00.000,False,58.93
1813,617,616,2022-10-13 00:00:00.000,False,68.66
1815,18,17,2022-10-14 00:00:00.000,False,17.25
1818,179,178,2022-10-15 00:00:00.000,False,23.52
1819,557,556,2022-10-16 00:00:00.000,False,95.26
1822,354,353,2022-10-17 00:00:00.000,False,12.91
1823,850,849,2022-10-18 00:00:00.000,False,66.41
1826,208,207,2022-10-18 00:00:00.000,False,97.27
1827,669,668,2022-10-20 00:00:00.000,False,19.97
1829,941,940,2022-10-21 00:00:00.000,False,8.47
1833,66,65,2022-10-22 00:00:00.000,False,46.02
1834,713,712,2022-10-22 00:00:00.000,False,16.55
1835,256,255,2022-10-23 00:00:00.000,False,2.73
1838,476,475,2022-10-25 00:00:00.000,False,16.13
1839,493,492,2022-10-26 00:00:00.000,False,23.66
1842,673,672,2022-10-27 00:00:00.000,False,68.35
1845,700,699,2022-10-28 00:00:00.000,False,97.5
1846,620,619,2022-10-28 00:00:00.000,False,58.35
1847,605,604,2022-10-29 00:00:00.000,False,49.17
1849,807,806,2022-10-30 00:00:00.000,False,6.42
1851,109,108,2022-10-31 00:00:00.000,False,49.98
1854,830,829,2022-11-01 00:00:00.000,False,20.37
1855,859,858,2022-11-03 00:00:00.000,False,94.37
1857,888,887,2022-11-04 00:00:00.000,False,34.65
1858,999,998,2022-11-04 00:00:00.000,False,9.48
1862,188,187,2022-11-05 00:00:00.000,False,73.19
1863,254,253,2022-11-06 00:00:00.000,False,15.22
1869,583,582,2022-11-08 00:00:00.000,False,55.99
1870,963,962,2022-11-08 00:00:00.000,False,14.79
1871,448,447,2022-11-08 00:00:00.000,False,19.61
1872,816,815,2022-11-08 00:00:00.000,False,22.44
1874,456,455,2022-11-09 00:00:00.000,False,23.66
1875,314,313,2022-11-09 00:00:00.000,False,6.88
1878,331,330,2022-11-10 00:00:00.000,False,93.67
1881,282,281,2022-11-11 00:00:00.000,False,2.44
1882,811,810,2022-11-11 00:00:00.000,False,46.07
1884,167,166,2022-11-11 00:00:00.000,False,59.75
1886,107,106,2022-11-12 00:00:00.000,False,65.51
1889,596,595,2022-11-13 00:00:00.000,False,79.1
1890,192,191,2022-11-13 00:00:00.000,False,28.26
1894,421,420,2022-11-17 00:00:00.000,False,97
1895,287,286,2022-11-17 00:00:00.000,False,84.78
1896,186,185,2022-11-17 00:00:00.000,False,74.83
1898,756,755,2022-11-18 00:00:00.000,False,98.37
1899,575,574,2022-11-18 00:00:00.000,False,1.54
1900,864,863,2022-11-18 00:00:00.000,False,93.92
1904,967,966,2022-11-19 00:00:00.000,False,96.44
1905,798,797,2022-11-19 00:00:00.000,False,27.89
1906,31,30,2022-11-19 00:00:00.000,False,81.65
1912,115,114,2022-11-21 00:00:00.000,False,52.95
1913,563,562,2022-11-21 00:00:00.000,False,56.95
1914,819,818,2022-11-21 00:00:00.000,False,85.71
1915,871,870,2022-11-22 00:00:00.000,False,61.83
1917,444,443,2022-11-25 00:00:00.000,False,63.21
1919,897,896,2022-11-27 00:00:00.000,False,53.18
1922,143,142,2022-12-02 00:00:00.000,False,8.35
1924,944,943,2022-12-03 00:00:00.000,False,31.11
1925,434,433,2022-12-06 00:00:00.000,False,64.55
1929,899,898,2022-12-07 00:00:00.000,False,17.36
1930,402,401,2022-12-07 00:00:00.000,False,96.68
1931,100,99,2022-12-08 00:00:00.000,False,13.63
1932,894,893,2022-12-08 00:00:00.000,False,34.35
1935,665,664,2022-12-08 00:00:00.000,False,48.35
1937,653,652,2022-12-09 00:00:00.000,False,42.27
1940,580,579,2022-12-10 00:00:00.000,False,90.81
1941,283,282,2022-12-11 00:00:00.000,False,88.13
1943,187,186,2022-12-11 00:00:00.000,False,21.16
1946,269,268,2022-12-12 00:00:00.000,False,45.19
1948,788,787,2022-12-13 00:00:00.000,False,54.44
1949,422,421,2022-12-14 00:00:00.000,False,66.96
1954,628,627,2022-12-15 00:00:00.000,False,20
1955,703,702,2022-12-15 00:00:00.000,False,55.79
1956,968,967,2022-12-15 00:00:00.000,False,65.53
1957,298,297,2022-12-18 00:00:00.000,False,5.5
1959,40,39,2022-12-19 00:00:00.000,False,80.86
1963,831,830,2022-12-20 00:00:00.000,False,51.08
1964,510,509,2022-12-20 00:00:00.000,False,23.13
1966,764,763,2022-12-22 00:00:00.000,False,74.65
1968,305,304,2022-12-23 00:00:00.000,False,23.7
1970,355,354,2022-12-23 00:00:00.000,False,17.27
1971,744,743,2022-12-25 00:00:00.000,False,25.85
1975,525,524,2022-12-26 00:00:00.000,False,38.39
1976,912,911,2022-12-26 00:00:00.000,False,26.56
1979,225,224,2022-12-27 00:00:00.000,False,26.88
1980,443,442,2022-12-27 00:00:00.000,False,49.51
1982,334,333,2022-12-29 00:00:00.000,False,22.25
1984,47,46,2022-12-30 00:00:00.000,False,51.93
1985,652,651,2022-12-31 00:00:00.000,False,97.39
1988,724,723,2022-12-31 00:00:00.000,False,20.36
1990,780,779,2023-01-01 00:00:00.000,False,25.73
1992,943,942,2023-01-02 00:00:00.000,False,44.12
1993,373,372,2023-01-03 00:00:00.000,False,47.1
1997,312,311,2023-01-06 00:00:00.000,False,62.99
1998,650,649,2023-01-06 00:00:00.000,False,3.9
1999,722,721,2023-01-07 00:00:00.000,False,11.01
2,976,975,2019-10-10 00:00:00.000,True,67.47
4,858,857,2019-10-13 00:00:00.000,True,26.74
7,214,213,2019-10-15 00:00:00.000,True,82.12
8,200,199,2019-10-15 00:00:00.000,True,2.32
9,519,518,2019-10-18 00:00:00.000,True,98.88
11,981,980,2019-10-20 00:00:00.000,True,76.95
13,349,348,2019-10-22 00:00:00.000,True,12.22
16,397,396,2019-10-23 00:00:00.000,True,61.97
18,945,944,2019-10-26 00:00:00.000,True,13.82
19,8,7,2019-10-26 00:00:00.000,True,56.95
21,552,551,2019-10-29 00:00:00.000,True,25.46
23,950,949,2019-10-30 00:00:00.000,True,93.63
25,778,777,2019-11-04 00:00:00.000,True,74.3
26,909,908,2019-11-04 00:00:00.000,True,34.26
30,990,989,2019-11-05 00:00:00.000,True,30.17
32,509,508,2019-11-08 00:00:00.000,True,32.25
34,104,103,2019-11-10 00:00:00.000,True,16
36,439,438,2019-11-11 00:00:00.000,True,41.55
37,46,45,2019-11-12 00:00:00.000,True,54.59
40,267,266,2019-11-14 00:00:00.000,True,49.99
41,352,351,2019-11-14 00:00:00.000,True,79.95
43,477,476,2019-11-15 00:00:00.000,True,81.93
46,799,798,2019-11-15 00:00:00.000,True,93.07
47,683,682,2019-11-17 00:00:00.000,True,30.05
50,471,470,2019-11-19 00:00:00.000,True,11.13
51,861,860,2019-11-20 00:00:00.000,True,83.5
54,470,469,2019-11-23 00:00:00.000,True,56.17
56,679,678,2019-11-25 00:00:00.000,True,7.27
59,268,267,2019-11-28 00:00:00.000,True,69.3
60,12,11,2019-11-28 00:00:00.000,True,85.08
63,342,341,2019-11-30 00:00:00.000,True,39.54
64,158,157,2019-11-30 00:00:00.000,True,99.83
66,537,536,2019-12-01 00:00:00.000,True,30.49
70,656,655,2019-12-02 00:00:00.000,True,84.55
71,114,113,2019-12-02 00:00:00.000,True,27.86
72,986,985,2019-12-02 00:00:00.000,True,34.16
74,832,831,2019-12-03 00:00:00.000,True,53.49
75,19,18,2019-12-03 00:00:00.000,True,39.3
77,146,145,2019-12-05 00:00:00.000,True,13.66
80,707,706,2019-12-06 00:00:00.000,True,98.37
82,688,687,2019-12-07 00:00:00.000,True,61.81
84,754,753,2019-12-08 00:00:00.000,True,84.96
86,457,456,2019-12-09 00:00:00.000,True,34.81
88,869,868,2019-12-10 00:00:00.000,True,61.23
90,462,461,2019-12-12 00:00:00.000,True,45.2
91,182,181,2019-12-13 00:00:00.000,True,50.37
94,501,500,2019-12-14 00:00:00.000,True,60.42
96,932,931,2019-12-15 00:00:00.000,True,53.62
97,35,34,2019-12-16 00:00:00.000,True,85.67
98,759,758,2019-12-16 00:00:00.000,True,50.46
102,497,496,2019-12-19 00:00:00.000,True,78.22
103,196,195,2019-12-19 00:00:00.000,True,14.8
105,570,569,2019-12-21 00:00:00.000,True,39.92
107,742,741,2019-12-21 00:00:00.000,True,70.16
109,517,516,2019-12-22 00:00:00.000,True,48.29
111,309,308,2019-12-23 00:00:00.000,True,67.13
112,539,538,2019-12-23 00:00:00.000,True,26.15
115,257,256,2019-12-24 00:00:00.000,True,23.13
118,621,620,2019-12-26 00:00:00.000,True,64.76
120,464,463,2019-12-27 00:00:00.000,True,96.6
122,755,754,2019-12-28 00:00:00.000,True,23.14
123,21,20,2019-12-29 00:00:00.000,True,28.6
125,432,431,2019-12-30 00:00:00.000,True,34.58
126,954,953,2019-12-30 00:00:00.000,True,1.49
131,878,877,2020-01-01 00:00:00.000,True,61.94
132,769,768,2020-01-01 00:00:00.000,True,3.53
134,433,432,2020-01-02 00:00:00.000,True,34.74
136,801,800,2020-01-03 00:00:00.000,True,28.26
137,25,24,2020-01-05 00:00:00.000,True,60.52
138,160,159,2020-01-05 00:00:00.000,True,47.73
139,374,373,2020-01-05 00:00:00.000,True,18.71
142,506,505,2020-01-05 00:00:00.000,True,88.23
146,564,563,2020-01-06 00:00:00.000,True,54.82
148,151,150,2020-01-07 00:00:00.000,True,66.59
149,251,250,2020-01-08 00:00:00.000,True,11.59
152,834,833,2020-01-08 00:00:00.000,True,30.22
154,375,374,2020-01-09 00:00:00.000,True,97.04
155,678,677,2020-01-10 00:00:00.000,True,75.09
157,795,794,2020-01-10 00:00:00.000,True,25.11
158,71,70,2020-01-10 00:00:00.000,True,48.78
161,660,659,2020-01-11 00:00:00.000,True,57.59
162,860,859,2020-01-11 00:00:00.000,True,3.8
163,556,555,2020-01-11 00:00:00.000,True,22.2
167,833,832,2020-01-12 00:00:00.000,True,90.55
170,7,6,2020-01-13 00:00:00.000,True,5.04
171,773,772,2020-01-14 00:00:00.000,True,58.29
173,286,285,2020-01-15 00:00:00.000,True,83.03
176,642,641,2020-01-16 00:00:00.000,True,6.66
178,717,716,2020-01-17 00:00:00.000,True,89.62
179,898,897,2020-01-18 00:00:00.000,True,56.37
182,124,123,2020-01-19 00:00:00.000,True,84.98
183,775,774,2020-01-22 00:00:00.000,True,97.24
184,865,864,2020-01-22 00:00:00.000,True,97.34
188,532,531,2020-01-25 00:00:00.000,True,8.48
189,363,362,2020-01-25 00:00:00.000,True,94.08
192,694,693,2020-01-25 00:00:00.000,True,55.57
193,205,204,2020-01-26 00:00:00.000,True,48.07
195,590,589,2020-01-28 00:00:00.000,True,82.35
197,855,854,2020-01-31 00:00:00.000,True,39.12
199,410,409,2020-02-03 00:00:00.000,True,44.61
201,321,320,2020-02-04 00:00:00.000,True,46.94
202,26,25,2020-02-04 00:00:00.000,True,56.51
205,920,919,2020-02-06 00:00:00.000,True,25.04
207,215,214,2020-02-06 00:00:00.000,True,81.13
209,851,850,2020-02-06 00:00:00.000,True,1.6
212,701,700,2020-02-07 00:00:00.000,True,99.91
215,721,720,2020-02-07 00:00:00.000,True,32.99
216,616,615,2020-02-07 00:00:00.000,True,19.2
217,217,216,2020-02-09 00:00:00.000,True,94.12
220,94,93,2020-02-10 00:00:00.000,True,64.97
222,800,799,2020-02-11 00:00:00.000,True,58.74
223,614,613,2020-02-16 00:00:00.000,True,85.16
226,817,816,2020-02-21 00:00:00.000,True,64.98
227,952,951,2020-02-25 00:00:00.000,True,50.13
230,451,450,2020-02-27 00:00:00.000,True,95.44
231,357,356,2020-02-28 00:00:00.000,True,35.98
232,408,407,2020-02-28 00:00:00.000,True,49.11
235,693,692,2020-02-29 00:00:00.000,True,9.55
238,306,305,2020-03-01 00:00:00.000,True,33.39
239,803,802,2020-03-02 00:00:00.000,True,33.22
242,420,419,2020-03-04 00:00:00.000,True,60.71
244,165,164,2020-03-05 00:00:00.000,True,20.84
245,297,296,2020-03-08 00:00:00.000,True,97.38
247,488,487,2020-03-11 00:00:00.000,True,93.24
249,399,398,2020-03-13 00:00:00.000,True,94.09
252,16,15,2020-03-17 00:00:00.000,True,88.76
253,116,115,2020-03-18 00:00:00.000,True,92.87
255,176,175,2020-03-19 00:00:00.000,True,2.7
257,618,617,2020-03-19 00:00:00.000,True,81.2
259,280,279,2020-03-20 00:00:00.000,True,69.98
261,344,343,2020-03-22 00:00:00.000,True,23.21
263,249,248,2020-03-22 00:00:00.000,True,63.49
265,949,948,2020-03-23 00:00:00.000,True,78.93
268,203,202,2020-03-24 00:00:00.000,True,39.92
270,783,782,2020-03-25 00:00:00.000,True,36.96
271,559,558,2020-03-26 00:00:00.000,True,74.55
273,173,172,2020-03-26 00:00:00.000,True,8.53
276,1,1,2020-03-26 00:00:00.000,True,60.51
277,667,666,2020-03-26 00:00:00.000,True,55.95
280,893,892,2020-03-29 00:00:00.000,True,64.54
281,407,406,2020-04-02 00:00:00.000,True,93.82
284,126,125,2020-04-04 00:00:00.000,True,71.27
285,180,179,2020-04-06 00:00:00.000,True,63.96
286,174,173,2020-04-06 00:00:00.000,True,55.7
289,425,424,2020-04-08 00:00:00.000,True,93.03
290,220,219,2020-04-08 00:00:00.000,True,98.8
294,119,118,2020-04-09 00:00:00.000,True,45.83
295,222,221,2020-04-09 00:00:00.000,True,34.25
297,212,211,2020-04-10 00:00:00.000,True,77.04
299,727,726,2020-04-11 00:00:00.000,True,47.62
301,904,903,2020-04-13 00:00:00.000,True,5.93
304,5,4,2020-04-13 00:00:00.000,True,5.49
305,785,784,2020-04-17 00:00:00.000,True,47.23
308,774,773,2020-04-17 00:00:00.000,True,24.65
309,458,457,2020-04-19 00:00:00.000,True,17.97
312,29,28,2020-04-19 00:00:00.000,True,27.41
313,988,987,2020-04-20 00:00:00.000,True,36.69
315,145,144,2020-04-21 00:00:00.000,True,97.1
318,4,3,2020-04-24 00:00:00.000,True,36.37
319,108,107,2020-04-27 00:00:00.000,True,4.66
322,336,335,2020-04-30 00:00:00.000,True,32.94
323,668,667,2020-05-01 00:00:00.000,True,45.38
324,734,733,2020-05-01 00:00:00.000,True,42.38
327,70,69,2020-05-06 00:00:00.000,True,82.34
328,868,867,2020-05-06 00:00:00.000,True,3.68
331,162,161,2020-05-11 00:00:00.000,True,47.71
332,978,977,2020-05-11 00:00:00.000,True,75.76
337,58,57,2020-05-12 00:00:00.000,True,62.4
338,204,203,2020-05-12 00:00:00.000,True,49.17
339,323,322,2020-05-12 00:00:00.000,True,31.08
341,658,657,2020-05-15 00:00:00.000,True,90.58
344,708,707,2020-05-15 00:00:00.000,True,1.89
345,718,717,2020-05-17 00:00:00.000,True,85.98
348,69,68,2020-05-21 00:00:00.000,True,55.26
350,310,309,2020-05-21 00:00:00.000,True,47.99
352,514,513,2020-05-21 00:00:00.000,True,47.57
354,582,581,2020-05-24 00:00:00.000,True,67.12
356,360,359,2020-05-25 00:00:00.000,True,91.08
358,695,694,2020-05-29 00:00:00.000,True,76.57
359,278,277,2020-06-01 00:00:00.000,True,53.96
361,965,964,2020-06-02 00:00:00.000,True,39.97
363,358,357,2020-06-03 00:00:00.000,True,26.48
365,649,648,2020-06-05 00:00:00.000,True,66.85
368,279,278,2020-06-05 00:00:00.000,True,63.3
370,738,737,2020-06-06 00:00:00.000,True,69.36
371,905,904,2020-06-06 00:00:00.000,True,44.09
373,980,979,2020-06-11 00:00:00.000,True,99.07
374,715,714,2020-06-11 00:00:00.000,True,70.25
378,966,965,2020-06-13 00:00:00.000,True,36.43
379,636,635,2020-06-15 00:00:00.000,True,24.16
382,209,208,2020-06-18 00:00:00.000,True,94.01
384,602,601,2020-06-19 00:00:00.000,True,29.44
385,573,572,2020-06-19 00:00:00.000,True,34.06
388,260,259,2020-06-21 00:00:00.000,True,68.15
391,566,565,2020-06-22 00:00:00.000,True,62.33
392,155,154,2020-06-22 00:00:00.000,True,87.07
394,163,162,2020-06-28 00:00:00.000,True,43.53
396,313,312,2020-06-29 00:00:00.000,True,80.79
398,261,260,2020-07-01 00:00:00.000,True,67.86
399,931,930,2020-07-02 00:00:00.000,True,4.86
401,377,376,2020-07-04 00:00:00.000,True,54.27
405,823,822,2020-07-05 00:00:00.000,True,20.58
406,15,14,2020-07-05 00:00:00.000,True,31.22
407,625,624,2020-07-06 00:00:00.000,True,60.61
409,659,658,2020-07-08 00:00:00.000,True,1.93
412,934,933,2020-07-09 00:00:00.000,True,84.16
414,610,609,2020-07-10 00:00:00.000,True,55.56
415,454,453,2020-07-12 00:00:00.000,True,28.81
416,696,695,2020-07-12 00:00:00.000,True,5.9
419,511,510,2020-07-14 00:00:00.000,True,68.47
422,369,368,2020-07-15 00:00:00.000,True,58.67
424,736,735,2020-07-16 00:00:00.000,True,82.65
425,61,60,2020-07-17 00:00:00.000,True,43.56
426,3,2,2020-07-17 00:00:00.000,True,96.75
429,670,669,2020-07-18 00:00:00.000,True,45.82
431,376,375,2020-07-19 00:00:00.000,True,30.83
434,329,328,2020-07-22 00:00:00.000,True,62.25
435,492,491,2020-07-23 00:00:00.000,True,93.91
438,216,215,2020-07-23 00:00:00.000,True,34.47
440,449,448,2020-07-26 00:00:00.000,True,22.97
442,606,605,2020-07-29 00:00:00.000,True,19.57
444,426,425,2020-07-29 00:00:00.000,True,5.15
445,790,789,2020-07-30 00:00:00.000,True,37.51
447,504,503,2020-08-06 00:00:00.000,True,28.07
450,598,597,2020-08-06 00:00:00.000,True,28.92
452,177,176,2020-08-07 00:00:00.000,True,78.44
453,270,269,2020-08-10 00:00:00.000,True,95.17
455,571,570,2020-08-10 00:00:00.000,True,50.27
457,935,934,2020-08-10 00:00:00.000,True,61.04
459,230,229,2020-08-11 00:00:00.000,True,27.72
462,135,134,2020-08-12 00:00:00.000,True,91.86
465,206,205,2020-08-13 00:00:00.000,True,40
466,199,198,2020-08-13 00:00:00.000,True,30.53
467,318,317,2020-08-14 00:00:00.000,True,39.81
469,994,993,2020-08-16 00:00:00.000,True,31.25
471,1001,1000,2020-08-17 00:00:00.000,True,55.72
475,170,169,2020-08-18 00:00:00.000,True,75.64
476,166,165,2020-08-18 00:00:00.000,True,57.71
477,238,237,2020-08-19 00:00:00.000,True,88.95
480,680,679,2020-08-19 00:00:00.000,True,3.92
481,233,232,2020-08-21 00:00:00.000,True,33.88
483,581,580,2020-08-25 00:00:00.000,True,98.91
484,857,856,2020-08-25 00:00:00.000,True,46.74
487,34,33,2020-08-25 00:00:00.000,True,89.49
491,59,58,2020-08-26 00:00:00.000,True,63.51
492,548,547,2020-08-26 00:00:00.000,True,31.46
496,485,484,2020-08-31 00:00:00.000,True,24.52
497,971,970,2020-08-31 00:00:00.000,True,62.94
498,414,413,2020-08-31 00:00:00.000,True,83.03
500,766,765,2020-09-01 00:00:00.000,True,6.99
502,687,686,2020-09-03 00:00:00.000,True,28.8
503,366,365,2020-09-03 00:00:00.000,True,43.71
506,875,874,2020-09-05 00:00:00.000,True,65.6
508,372,371,2020-09-06 00:00:00.000,True,27.97
510,973,972,2020-09-09 00:00:00.000,True,17.51
511,796,795,2020-09-11 00:00:00.000,True,65.94
513,645,644,2020-09-12 00:00:00.000,True,3.26
515,751,750,2020-09-13 00:00:00.000,True,57.58
517,802,801,2020-09-14 00:00:00.000,True,85.99
518,459,458,2020-09-14 00:00:00.000,True,15.02
523,644,643,2020-09-15 00:00:00.000,True,90.7
524,319,318,2020-09-15 00:00:00.000,True,22.93
526,732,731,2020-09-16 00:00:00.000,True,38.54
527,322,321,2020-09-20 00:00:00.000,True,22.59
528,639,638,2020-09-20 00:00:00.000,True,57.26
531,81,80,2020-09-25 00:00:00.000,True,7.25
532,388,387,2020-09-25 00:00:00.000,True,78.38
535,396,395,2020-09-27 00:00:00.000,True,67.77
537,558,557,2020-09-29 00:00:00.000,True,42.52
539,99,98,2020-09-30 00:00:00.000,True,60.19
541,152,151,2020-10-01 00:00:00.000,True,83.75
542,337,336,2020-10-01 00:00:00.000,True,72.56
544,133,132,2020-10-01 00:00:00.000,True,25.49
547,1000,999,2020-10-05 00:00:00.000,True,43.62
550,594,593,2020-10-06 00:00:00.000,True,71.17
551,183,182,2020-10-07 00:00:00.000,True,13.54
554,913,912,2020-10-07 00:00:00.000,True,81.25
555,356,355,2020-10-07 00:00:00.000,True,11.79
558,38,37,2020-10-09 00:00:00.000,True,49.69
561,367,366,2020-10-10 00:00:00.000,True,51.9
562,704,703,2020-10-10 00:00:00.000,True,27.37
565,27,26,2020-10-11 00:00:00.000,True,10.69
566,384,383,2020-10-11 00:00:00.000,True,70.44
567,997,996,2020-10-12 00:00:00.000,True,49.46
569,368,367,2020-10-13 00:00:00.000,True,30.86
572,247,246,2020-10-14 00:00:00.000,True,29.68
573,880,879,2020-10-16 00:00:00.000,True,98.47
575,891,890,2020-10-18 00:00:00.000,True,94.51
578,947,946,2020-10-19 00:00:00.000,True,88.65
579,242,241,2020-10-20 00:00:00.000,True,97.35
581,424,423,2020-10-21 00:00:00.000,True,82.94
584,304,303,2020-10-22 00:00:00.000,True,19.23
585,916,915,2020-10-22 00:00:00.000,True,41.1
588,588,587,2020-10-23 00:00:00.000,True,10.21
590,341,340,2020-10-23 00:00:00.000,True,77.08
591,300,299,2020-10-23 00:00:00.000,True,37.31
593,970,969,2020-10-28 00:00:00.000,True,79.28
595,568,567,2020-10-29 00:00:00.000,True,70.38
597,335,334,2020-10-30 00:00:00.000,True,61.96
600,103,102,2020-10-31 00:00:00.000,True,76.56
601,579,578,2020-11-01 00:00:00.000,True,65.98
602,630,629,2020-11-01 00:00:00.000,True,15.81
607,463,462,2020-11-03 00:00:00.000,True,28.47
608,536,535,2020-11-03 00:00:00.000,True,9.08
609,232,231,2020-11-04 00:00:00.000,True,52.89
612,136,135,2020-11-04 00:00:00.000,True,34.87
613,711,710,2020-11-05 00:00:00.000,True,77.41
614,691,690,2020-11-05 00:00:00.000,True,71.33
617,30,29,2020-11-06 00:00:00.000,True,41.35
619,714,713,2020-11-07 00:00:00.000,True,94.67
620,496,495,2020-11-07 00:00:00.000,True,52.84
624,633,632,2020-11-07 00:00:00.000,True,77.15
630,465,464,2020-11-08 00:00:00.000,True,42.07
632,415,414,2020-11-08 00:00:00.000,True,79.2
633,52,51,2020-11-08 00:00:00.000,True,91.47
634,169,168,2020-11-08 00:00:00.000,True,27
635,806,805,2020-11-08 00:00:00.000,True,4.85
636,252,251,2020-11-08 00:00:00.000,True,21.36
638,185,184,2020-11-09 00:00:00.000,True,72.25
639,435,434,2020-11-12 00:00:00.000,True,63.79
641,191,190,2020-11-12 00:00:00.000,True,80.16
643,771,770,2020-11-13 00:00:00.000,True,98.3
646,841,840,2020-11-14 00:00:00.000,True,66.48
647,697,696,2020-11-14 00:00:00.000,True,45.63
650,328,327,2020-11-14 00:00:00.000,True,58.53
651,398,397,2020-11-15 00:00:00.000,True,81.05
654,661,660,2020-11-21 00:00:00.000,True,15.75
657,524,523,2020-11-23 00:00:00.000,True,82.01
659,626,625,2020-11-23 00:00:00.000,True,68.82
660,682,681,2020-11-23 00:00:00.000,True,23.26
662,839,838,2020-11-25 00:00:00.000,True,15.52
665,325,324,2020-11-27 00:00:00.000,True,27.66
666,394,393,2020-11-27 00:00:00.000,True,75.43
668,508,507,2020-11-29 00:00:00.000,True,72.74
670,194,193,2020-12-01 00:00:00.000,True,8.32
672,303,302,2020-12-01 00:00:00.000,True,82
674,361,360,2020-12-02 00:00:00.000,True,44.96
675,603,602,2020-12-05 00:00:00.000,True,18.25
676,876,875,2020-12-05 00:00:00.000,True,60.78
680,43,42,2020-12-05 00:00:00.000,True,86.02
682,613,612,2020-12-06 00:00:00.000,True,3.49
684,526,525,2020-12-07 00:00:00.000,True,79.15
685,299,298,2020-12-09 00:00:00.000,True,85.02
688,181,180,2020-12-10 00:00:00.000,True,41.62
689,853,852,2020-12-11 00:00:00.000,True,93.73
690,292,291,2020-12-11 00:00:00.000,True,35.76
695,826,825,2020-12-15 00:00:00.000,True,87.11
696,327,326,2020-12-15 00:00:00.000,True,19.52
698,150,149,2020-12-15 00:00:00.000,True,40.99
700,979,978,2020-12-16 00:00:00.000,True,97.5
702,549,548,2020-12-17 00:00:00.000,True,97.38
703,529,528,2020-12-17 00:00:00.000,True,65.84
706,239,238,2020-12-17 00:00:00.000,True,38.71
707,333,332,2020-12-17 00:00:00.000,True,10.59
710,699,698,2020-12-19 00:00:00.000,True,76.28
711,178,177,2020-12-22 00:00:00.000,True,36.42
713,237,236,2020-12-22 00:00:00.000,True,76.19
716,624,623,2020-12-25 00:00:00.000,True,93.73
717,9,8,2020-12-27 00:00:00.000,True,91.05
718,347,346,2020-12-27 00:00:00.000,True,13.32
722,915,914,2020-12-28 00:00:00.000,True,77.46
723,409,408,2020-12-30 00:00:00.000,True,89.06
724,768,767,2020-12-30 00:00:00.000,True,24.01
726,22,21,2020-12-30 00:00:00.000,True,61.97
730,889,888,2020-12-31 00:00:00.000,True,83.91
733,96,95,2021-01-01 00:00:00.000,True,28.9
734,956,955,2021-01-01 00:00:00.000,True,31.52
735,56,55,2021-01-02 00:00:00.000,True,51.13
738,198,197,2021-01-04 00:00:00.000,True,96.46
739,657,656,2021-01-04 00:00:00.000,True,6.97
741,567,566,2021-01-05 00:00:00.000,True,12.55
742,561,560,2021-01-05 00:00:00.000,True,56.75
746,520,519,2021-01-06 00:00:00.000,True,73.62
747,822,821,2021-01-06 00:00:00.000,True,52.49
750,643,642,2021-01-07 00:00:00.000,True,29.86
752,431,430,2021-01-11 00:00:00.000,True,53.58
753,808,807,2021-01-13 00:00:00.000,True,31.71
755,77,76,2021-01-13 00:00:00.000,True,22.4
758,438,437,2021-01-14 00:00:00.000,True,35.27
760,362,361,2021-01-16 00:00:00.000,True,45.13
762,236,235,2021-01-17 00:00:00.000,True,79.15
763,845,844,2021-01-18 00:00:00.000,True,57.61
765,105,104,2021-01-18 00:00:00.000,True,16.17
769,929,928,2021-01-19 00:00:00.000,True,3.18
770,110,109,2021-01-19 00:00:00.000,True,65.47
771,747,746,2021-01-21 00:00:00.000,True,48.96
775,619,618,2021-01-25 00:00:00.000,True,16.63
776,41,40,2021-01-25 00:00:00.000,True,33.7
778,546,545,2021-01-28 00:00:00.000,True,45.51
779,584,583,2021-01-29 00:00:00.000,True,49.56
781,951,950,2021-01-31 00:00:00.000,True,54.36
784,428,427,2021-02-01 00:00:00.000,True,23.12
786,6,5,2021-02-02 00:00:00.000,True,63.64
787,201,200,2021-02-04 00:00:00.000,True,32.21
791,324,323,2021-02-08 00:00:00.000,True,41.56
792,490,489,2021-02-08 00:00:00.000,True,48.82
793,797,796,2021-02-08 00:00:00.000,True,7.28
796,250,249,2021-02-09 00:00:00.000,True,22.11
798,791,790,2021-02-11 00:00:00.000,True,51.43
799,523,522,2021-02-12 00:00:00.000,True,46.97
802,560,559,2021-02-12 00:00:00.000,True,84.75
804,996,995,2021-02-13 00:00:00.000,True,22.68
806,228,227,2021-02-13 00:00:00.000,True,40.64
807,565,564,2021-02-14 00:00:00.000,True,85.69
810,317,316,2021-02-14 00:00:00.000,True,15.15
811,381,380,2021-02-15 00:00:00.000,True,92.59
813,902,901,2021-02-16 00:00:00.000,True,81.1
815,219,218,2021-02-18 00:00:00.000,True,95.67
816,264,263,2021-02-18 00:00:00.000,True,71.27
820,706,705,2021-02-19 00:00:00.000,True,60.3
821,243,242,2021-02-19 00:00:00.000,True,72.19
826,404,403,2021-02-21 00:00:00.000,True,66.91
827,148,147,2021-02-21 00:00:00.000,True,31.43
828,852,851,2021-02-21 00:00:00.000,True,41
830,719,718,2021-02-22 00:00:00.000,True,28.61
831,846,845,2021-02-26 00:00:00.000,True,10.89
834,223,222,2021-02-27 00:00:00.000,True,90.73
835,74,73,2021-02-28 00:00:00.000,True,26.73
838,522,521,2021-03-01 00:00:00.000,True,38.29
839,772,771,2021-03-03 00:00:00.000,True,63.5
840,502,501,2021-03-03 00:00:00.000,True,89.79
843,350,349,2021-03-04 00:00:00.000,True,48.03
845,647,646,2021-03-06 00:00:00.000,True,69.64
847,646,645,2021-03-06 00:00:00.000,True,65.76
849,684,683,2021-03-09 00:00:00.000,True,23.27
852,32,31,2021-03-12 00:00:00.000,True,29.39
855,365,364,2021-03-13 00:00:00.000,True,64.82
856,417,416,2021-03-13 00:00:00.000,True,91.92
858,946,945,2021-03-14 00:00:00.000,True,76.69
859,903,902,2021-03-14 00:00:00.000,True,29.24
861,562,561,2021-03-15 00:00:00.000,True,31.2
863,767,766,2021-03-15 00:00:00.000,True,19.54
867,45,44,2021-03-18 00:00:00.000,True,31.82
868,600,599,2021-03-18 00:00:00.000,True,37.38
869,405,404,2021-03-19 00:00:00.000,True,48.14
872,55,54,2021-03-21 00:00:00.000,True,32.74
873,85,84,2021-03-22 00:00:00.000,True,71.12
877,351,350,2021-03-23 00:00:00.000,True,40.77
879,383,382,2021-03-23 00:00:00.000,True,12.72
880,272,271,2021-03-23 00:00:00.000,True,71.09
882,343,342,2021-03-24 00:00:00.000,True,60.62
883,259,258,2021-03-24 00:00:00.000,True,95.47
885,936,935,2021-03-26 00:00:00.000,True,84.84
887,75,74,2021-03-27 00:00:00.000,True,19.95
888,118,117,2021-03-27 00:00:00.000,True,24.52
889,745,744,2021-03-27 00:00:00.000,True,61.21
893,635,634,2021-03-29 00:00:00.000,True,34.02
897,480,479,2021-03-30 00:00:00.000,True,71.6
898,138,137,2021-03-30 00:00:00.000,True,37.78
900,733,732,2021-04-02 00:00:00.000,True,74.77
903,245,244,2021-04-04 00:00:00.000,True,84.32
904,37,36,2021-04-04 00:00:00.000,True,84.09
906,80,79,2021-04-07 00:00:00.000,True,45.3
907,541,540,2021-04-08 00:00:00.000,True,31.19
910,213,212,2021-04-12 00:00:00.000,True,53.91
912,749,748,2021-04-13 00:00:00.000,True,46.39
913,615,614,2021-04-14 00:00:00.000,True,88.47
915,10,9,2021-04-16 00:00:00.000,True,86.28
918,48,47,2021-04-17 00:00:00.000,True,45.57
922,390,389,2021-04-17 00:00:00.000,True,46.79
923,189,188,2021-04-17 00:00:00.000,True,80.5
924,13,12,2021-04-17 00:00:00.000,True,25.98
926,227,226,2021-04-18 00:00:00.000,True,34.11
927,87,86,2021-04-19 00:00:00.000,True,4.27
930,836,835,2021-04-22 00:00:00.000,True,99.59
932,132,131,2021-04-22 00:00:00.000,True,75.6
934,461,460,2021-04-24 00:00:00.000,True,10.31
935,262,261,2021-04-25 00:00:00.000,True,75.78
937,685,684,2021-04-25 00:00:00.000,True,39.7
940,137,136,2021-04-25 00:00:00.000,True,88.17
941,67,66,2021-04-25 00:00:00.000,True,95.19
943,919,918,2021-04-26 00:00:00.000,True,33.81
946,885,884,2021-04-27 00:00:00.000,True,18.98
947,285,284,2021-04-27 00:00:00.000,True,82.69
949,545,544,2021-04-28 00:00:00.000,True,70.86
951,911,910,2021-05-01 00:00:00.000,True,25.74
955,666,665,2021-05-03 00:00:00.000,True,37.46
956,940,939,2021-05-03 00:00:00.000,True,94.51
958,418,417,2021-05-04 00:00:00.000,True,37.6
959,995,994,2021-05-05 00:00:00.000,True,34.68
961,720,719,2021-05-06 00:00:00.000,True,39.38
962,39,38,2021-05-06 00:00:00.000,True,15.9
965,901,900,2021-05-08 00:00:00.000,True,61.58
967,611,610,2021-05-09 00:00:00.000,True,34.66
968,637,636,2021-05-09 00:00:00.000,True,87.74
972,211,210,2021-05-10 00:00:00.000,True,67.14
974,862,861,2021-05-12 00:00:00.000,True,63.5
975,818,817,2021-05-12 00:00:00.000,True,57.1
977,73,72,2021-05-15 00:00:00.000,True,48.52
979,827,826,2021-05-16 00:00:00.000,True,22.51
982,762,761,2021-05-16 00:00:00.000,True,64.54
984,709,708,2021-05-18 00:00:00.000,True,25.25
985,840,839,2021-05-19 00:00:00.000,True,10.59
988,753,752,2021-05-19 00:00:00.000,True,60.01
990,676,675,2021-05-20 00:00:00.000,True,5.79
991,702,701,2021-05-21 00:00:00.000,True,75.97
993,515,514,2021-05-24 00:00:00.000,True,1.3
995,466,465,2021-05-25 00:00:00.000,True,54.58
1000,586,585,2021-05-30 00:00:00.000,True,46.14
1001,289,288,2021-05-30 00:00:00.000,True,62.45
1002,882,881,2021-05-30 00:00:00.000,True,77.9
1003,809,808,2021-05-31 00:00:00.000,True,15.68
1007,153,152,2021-06-01 00:00:00.000,True,54.94
1008,731,730,2021-06-01 00:00:00.000,True,45.76
1009,60,59,2021-06-02 00:00:00.000,True,3.76
1012,144,143,2021-06-03 00:00:00.000,True,75.14
1013,171,170,2021-06-04 00:00:00.000,True,89.82
1016,90,89,2021-06-08 00:00:00.000,True,29.57
1017,197,196,2021-06-09 00:00:00.000,True,21.93
1021,664,663,2021-06-11 00:00:00.000,True,92.48
1022,890,889,2021-06-11 00:00:00.000,True,74.6
1023,156,155,2021-06-12 00:00:00.000,True,97.23
1024,629,628,2021-06-12 00:00:00.000,True,52.22
1028,429,428,2021-06-14 00:00:00.000,True,47.24
1029,974,973,2021-06-14 00:00:00.000,True,79.63
1031,752,751,2021-06-19 00:00:00.000,True,61.99
1033,505,504,2021-06-19 00:00:00.000,True,96.4
1036,83,82,2021-06-22 00:00:00.000,True,17.37
1037,68,67,2021-06-24 00:00:00.000,True,31.52
1039,86,85,2021-06-24 00:00:00.000,True,9.94
1041,813,812,2021-06-25 00:00:00.000,True,19.72
1042,512,511,2021-06-25 00:00:00.000,True,40.45
1045,789,788,2021-06-25 00:00:00.000,True,8.14
1047,777,776,2021-06-28 00:00:00.000,True,15.04
1049,930,929,2021-06-28 00:00:00.000,True,50.56
1053,938,937,2021-06-29 00:00:00.000,True,63.42
1054,977,976,2021-06-29 00:00:00.000,True,2.33
1055,939,938,2021-06-30 00:00:00.000,True,60.25
1059,224,223,2021-07-05 00:00:00.000,True,68.1
1060,531,530,2021-07-05 00:00:00.000,True,65.68
1062,577,576,2021-07-05 00:00:00.000,True,43.93
1064,78,77,2021-07-07 00:00:00.000,True,65.44
1065,538,537,2021-07-09 00:00:00.000,True,89.27
1067,481,480,2021-07-12 00:00:00.000,True,90.55
1070,76,75,2021-07-14 00:00:00.000,True,22.75
1071,726,725,2021-07-16 00:00:00.000,True,87.22
1072,134,133,2021-07-16 00:00:00.000,True,61.92
1075,838,837,2021-07-16 00:00:00.000,True,56.21
1076,746,745,2021-07-16 00:00:00.000,True,25.81
1080,535,534,2021-07-17 00:00:00.000,True,67.22
1081,395,394,2021-07-17 00:00:00.000,True,69.63
1083,294,293,2021-07-19 00:00:00.000,True,54.17
1086,907,906,2021-07-21 00:00:00.000,True,32.9
1087,413,412,2021-07-22 00:00:00.000,True,69.96
1089,815,814,2021-07-27 00:00:00.000,True,3.27
1092,805,804,2021-07-27 00:00:00.000,True,59.57
1094,190,189,2021-07-28 00:00:00.000,True,45.69
1096,553,552,2021-07-28 00:00:00.000,True,84.22
1098,95,94,2021-07-30 00:00:00.000,True,83.78
1099,440,439,2021-08-02 00:00:00.000,True,11.6
1100,172,171,2021-08-02 00:00:00.000,True,8.47
1103,147,146,2021-08-03 00:00:00.000,True,68.57
1105,985,984,2021-08-04 00:00:00.000,True,62.81
1108,513,512,2021-08-12 00:00:00.000,True,22.47
1110,551,550,2021-08-13 00:00:00.000,True,56.68
1111,608,607,2021-08-14 00:00:00.000,True,58.26
1113,503,502,2021-08-14 00:00:00.000,True,18.23
1116,98,97,2021-08-14 00:00:00.000,True,47.22
1117,500,499,2021-08-15 00:00:00.000,True,54.48
1118,240,239,2021-08-15 00:00:00.000,True,95.04
1121,234,233,2021-08-16 00:00:00.000,True,51.49
1124,784,783,2021-08-17 00:00:00.000,True,82.11
1125,873,872,2021-08-20 00:00:00.000,True,38.79
1127,255,254,2021-08-20 00:00:00.000,True,65.41
1130,824,823,2021-08-22 00:00:00.000,True,87.91
1131,547,546,2021-08-23 00:00:00.000,True,50.21
1132,757,756,2021-08-23 00:00:00.000,True,75.15
1135,281,280,2021-08-24 00:00:00.000,True,5.11
1136,599,598,2021-08-24 00:00:00.000,True,16.49
1137,63,62,2021-08-24 00:00:00.000,True,81.98
1141,960,959,2021-08-26 00:00:00.000,True,35.4
1144,302,301,2021-08-29 00:00:00.000,True,40.45
1145,479,478,2021-08-30 00:00:00.000,True,2.37
1147,705,704,2021-09-01 00:00:00.000,True,29.43
1148,828,827,2021-09-01 00:00:00.000,True,48.72
1153,202,201,2021-09-02 00:00:00.000,True,99.85
1154,353,352,2021-09-02 00:00:00.000,True,52.85
1155,792,791,2021-09-03 00:00:00.000,True,74.7
1158,925,924,2021-09-04 00:00:00.000,True,58.69
1159,825,824,2021-09-04 00:00:00.000,True,38.53
1162,51,50,2021-09-08 00:00:00.000,True,83.86
1164,447,446,2021-09-08 00:00:00.000,True,32.19
1166,157,156,2021-09-09 00:00:00.000,True,75.28
1168,483,482,2021-09-10 00:00:00.000,True,76.5
1169,698,697,2021-09-13 00:00:00.000,True,25.22
1171,277,276,2021-09-16 00:00:00.000,True,15.31
1174,842,841,2021-09-17 00:00:00.000,True,4.31
1175,207,206,2021-09-18 00:00:00.000,True,37.08
1177,779,778,2021-09-20 00:00:00.000,True,92.69
1179,315,314,2021-09-20 00:00:00.000,True,79.07
1182,346,345,2021-09-22 00:00:00.000,True,37.54
1183,121,120,2021-09-23 00:00:00.000,True,1.65
1185,24,23,2021-09-28 00:00:00.000,True,27.07
1187,927,926,2021-09-29 00:00:00.000,True,89.75
1190,692,691,2021-09-30 00:00:00.000,True,11.92
1191,235,234,2021-10-02 00:00:00.000,True,40.12
1192,221,220,2021-10-02 00:00:00.000,True,1.11
1195,64,63,2021-10-05 00:00:00.000,True,21.45
1197,518,517,2021-10-06 00:00:00.000,True,22.16
1199,895,894,2021-10-06 00:00:00.000,True,98.53
1201,142,141,2021-10-07 00:00:00.000,True,51.72
1203,125,124,2021-10-12 00:00:00.000,True,98.05
1206,923,922,2021-10-13 00:00:00.000,True,73.6
1208,675,674,2021-10-13 00:00:00.000,True,66.45
1209,991,990,2021-10-14 00:00:00.000,True,10.08
1212,452,451,2021-10-17 00:00:00.000,True,46.51
1213,473,472,2021-10-18 00:00:00.000,True,73.07
1214,348,347,2021-10-18 00:00:00.000,True,9.06
1218,998,997,2021-10-20 00:00:00.000,True,28.02
1219,72,71,2021-10-21 00:00:00.000,True,29.71
1222,906,905,2021-10-22 00:00:00.000,True,59.96
1224,843,842,2021-10-23 00:00:00.000,True,66.26
1226,655,654,2021-10-24 00:00:00.000,True,98.66
1227,848,847,2021-10-28 00:00:00.000,True,17.1
1229,507,506,2021-10-30 00:00:00.000,True,79.57
1231,663,662,2021-11-02 00:00:00.000,True,6.82
1234,92,91,2021-11-05 00:00:00.000,True,30.69
1235,154,153,2021-11-07 00:00:00.000,True,13.06
1237,918,917,2021-11-11 00:00:00.000,True,39.14
1239,884,883,2021-11-11 00:00:00.000,True,86.23
1243,937,936,2021-11-13 00:00:00.000,True,77.64
1244,11,10,2021-11-13 00:00:00.000,True,31.34
1245,130,129,2021-11-15 00:00:00.000,True,81.01
1247,735,734,2021-11-15 00:00:00.000,True,22.22
1248,244,243,2021-11-15 00:00:00.000,True,32.18
1251,964,963,2021-11-16 00:00:00.000,True,8.56
1254,378,377,2021-11-20 00:00:00.000,True,84.47
1255,961,960,2021-11-24 00:00:00.000,True,11.8
1257,54,53,2021-11-26 00:00:00.000,True,22.02
1260,392,391,2021-11-26 00:00:00.000,True,91.32
1262,17,16,2021-11-27 00:00:00.000,True,63.21
1263,445,444,2021-11-27 00:00:00.000,True,70.29
1264,892,891,2021-11-27 00:00:00.000,True,24.09
1267,962,961,2021-11-29 00:00:00.000,True,69.23
1269,345,344,2021-11-30 00:00:00.000,True,78.77
1270,326,325,2021-11-30 00:00:00.000,True,56.36
1273,379,378,2021-12-01 00:00:00.000,True,58.57
1276,403,402,2021-12-03 00:00:00.000,True,87.37
1277,786,785,2021-12-05 00:00:00.000,True,93.77
1278,290,289,2021-12-05 00:00:00.000,True,87.14
1282,123,122,2021-12-05 00:00:00.000,True,37.86
1284,640,639,2021-12-06 00:00:00.000,True,94.66
1285,371,370,2021-12-07 00:00:00.000,True,24.1
1287,316,315,2021-12-10 00:00:00.000,True,18.74
1288,101,100,2021-12-10 00:00:00.000,True,22.46
1292,821,820,2021-12-11 00:00:00.000,True,48.23
1295,442,441,2021-12-12 00:00:00.000,True,88.2
1296,554,553,2021-12-12 00:00:00.000,True,7.13
1298,972,971,2021-12-13 00:00:00.000,True,14.45
1300,499,498,2021-12-13 00:00:00.000,True,97.48
1302,112,111,2021-12-14 00:00:00.000,True,44.7
1303,728,727,2021-12-15 00:00:00.000,True,89.17
1305,23,22,2021-12-15 00:00:00.000,True,36.98
1308,948,947,2021-12-18 00:00:00.000,True,79.75
1310,896,895,2021-12-19 00:00:00.000,True,81.55
1311,472,471,2021-12-19 00:00:00.000,True,57.97
1314,748,747,2021-12-20 00:00:00.000,True,14.14
1316,401,400,2021-12-20 00:00:00.000,True,97.84
1317,530,529,2021-12-23 00:00:00.000,True,32.08
1318,886,885,2021-12-23 00:00:00.000,True,96.8
1321,139,138,2021-12-24 00:00:00.000,True,89.59
1324,391,390,2021-12-25 00:00:00.000,True,80.25
1325,487,486,2021-12-25 00:00:00.000,True,76.45
1327,330,329,2021-12-26 00:00:00.000,True,4.39
1329,623,622,2021-12-27 00:00:00.000,True,6.73
1330,469,468,2021-12-27 00:00:00.000,True,8.74
1333,50,49,2021-12-28 00:00:00.000,True,17.19
1335,288,287,2021-12-30 00:00:00.000,True,31.42
1338,291,290,2021-12-30 00:00:00.000,True,7.61
1339,455,454,2022-01-05 00:00:00.000,True,83.15
1340,928,927,2022-01-05 00:00:00.000,True,27.96
1344,856,855,2022-01-05 00:00:00.000,True,71.65
1346,42,41,2022-01-07 00:00:00.000,True,18.6
1347,14,13,2022-01-07 00:00:00.000,True,96.84
1350,992,991,2022-01-08 00:00:00.000,True,14.19
1351,654,653,2022-01-09 00:00:00.000,True,63.38
1354,320,319,2022-01-09 00:00:00.000,True,69.65
1355,924,923,2022-01-10 00:00:00.000,True,83.37
1356,761,760,2022-01-10 00:00:00.000,True,35.67
1359,106,105,2022-01-12 00:00:00.000,True,74.87
1362,474,473,2022-01-12 00:00:00.000,True,87.28
1363,765,764,2022-01-17 00:00:00.000,True,41.61
1365,793,792,2022-01-19 00:00:00.000,True,36.44
1368,587,586,2022-01-21 00:00:00.000,True,53.31
1369,787,786,2022-01-21 00:00:00.000,True,98.95
1371,275,274,2022-01-22 00:00:00.000,True,28.42
1373,416,415,2022-01-23 00:00:00.000,True,48.22
1376,184,183,2022-01-23 00:00:00.000,True,97.28
1377,36,35,2022-01-24 00:00:00.000,True,3.41
1379,750,749,2022-01-24 00:00:00.000,True,70.86
1382,253,252,2022-01-26 00:00:00.000,True,79.73
1384,810,809,2022-01-28 00:00:00.000,True,73.42
1385,364,363,2022-01-29 00:00:00.000,True,57.79
1387,266,265,2022-01-29 00:00:00.000,True,23.55
1390,231,230,2022-01-29 00:00:00.000,True,76.57
1391,453,452,2022-01-30 00:00:00.000,True,75.37
1393,804,803,2022-01-31 00:00:00.000,True,20.05
1396,627,626,2022-01-31 00:00:00.000,True,23.41
1397,400,399,2022-02-02 00:00:00.000,True,9.08
1400,274,273,2022-02-04 00:00:00.000,True,12.42
1403,389,388,2022-02-07 00:00:00.000,True,26.67
1404,307,306,2022-02-07 00:00:00.000,True,50.68
1405,386,385,2022-02-07 00:00:00.000,True,78.26
1407,989,988,2022-02-09 00:00:00.000,True,62.03
1409,122,121,2022-02-11 00:00:00.000,True,77.23
1411,589,588,2022-02-12 00:00:00.000,True,20.57
1413,79,78,2022-02-13 00:00:00.000,True,55.93
1414,387,386,2022-02-13 00:00:00.000,True,97.89
1418,427,426,2022-02-15 00:00:00.000,True,71.81
1419,175,174,2022-02-16 00:00:00.000,True,24.89
1420,486,485,2022-02-16 00:00:00.000,True,33.54
1421,770,769,2022-02-16 00:00:00.000,True,72.53
1426,829,828,2022-02-19 00:00:00.000,True,51.42
1428,332,331,2022-02-19 00:00:00.000,True,24.52
1430,57,56,2022-02-20 00:00:00.000,True,54.68
1432,91,90,2022-02-22 00:00:00.000,True,71.1
1433,866,865,2022-02-23 00:00:00.000,True,80.59
1436,926,925,2022-02-26 00:00:00.000,True,81.42
1438,910,909,2022-02-27 00:00:00.000,True,94.88
1440,482,481,2022-02-28 00:00:00.000,True,23.37
1442,585,584,2022-02-28 00:00:00.000,True,46.17
1444,959,958,2022-03-03 00:00:00.000,True,82.41
1445,877,876,2022-03-03 00:00:00.000,True,14.26
1447,662,661,2022-03-04 00:00:00.000,True,27.24
1452,572,571,2022-03-05 00:00:00.000,True,69.04
1453,812,811,2022-03-05 00:00:00.000,True,81.9
1454,296,295,2022-03-05 00:00:00.000,True,86.7
1455,301,300,2022-03-06 00:00:00.000,True,88.46
1458,44,43,2022-03-12 00:00:00.000,True,35.33
1459,127,126,2022-03-12 00:00:00.000,True,62.6
1461,527,526,2022-03-14 00:00:00.000,True,53.86
1464,430,429,2022-03-14 00:00:00.000,True,10.42
1465,569,568,2022-03-18 00:00:00.000,True,38.75
1467,716,715,2022-03-19 00:00:00.000,True,12.68
1469,229,228,2022-03-21 00:00:00.000,True,42.55
1474,922,921,2022-03-24 00:00:00.000,True,8.3
1475,847,846,2022-03-24 00:00:00.000,True,13.44
1476,218,217,2022-03-24 00:00:00.000,True,60.59
1477,494,493,2022-03-24 00:00:00.000,True,38.14
1480,597,596,2022-03-27 00:00:00.000,True,33.65
1481,293,292,2022-03-28 00:00:00.000,True,80.41
1482,729,728,2022-03-28 00:00:00.000,True,59.34
1487,672,671,2022-03-28 00:00:00.000,True,2.88
1488,382,381,2022-03-28 00:00:00.000,True,22.55
1490,835,834,2022-03-29 00:00:00.000,True,56.38
1491,641,640,2022-03-29 00:00:00.000,True,17.22
1494,690,689,2022-03-30 00:00:00.000,True,52.14
1495,794,793,2022-03-31 00:00:00.000,True,47.65
1497,258,257,2022-04-01 00:00:00.000,True,1.29
1500,741,740,2022-04-02 00:00:00.000,True,68.51
1502,498,497,2022-04-02 00:00:00.000,True,95.46
1503,437,436,2022-04-03 00:00:00.000,True,11.54
1505,634,633,2022-04-03 00:00:00.000,True,51.14
1507,436,435,2022-04-04 00:00:00.000,True,4.19
1510,450,449,2022-04-04 00:00:00.000,True,21.93
1512,739,738,2022-04-05 00:00:00.000,True,78.89
1513,543,542,2022-04-06 00:00:00.000,True,89.17
1514,917,916,2022-04-06 00:00:00.000,True,99.88
1515,20,19,2022-04-06 00:00:00.000,True,53.56
1520,528,527,2022-04-09 00:00:00.000,True,6.12
1522,870,869,2022-04-11 00:00:00.000,True,38.02
1524,814,813,2022-04-13 00:00:00.000,True,61.44
1525,516,515,2022-04-14 00:00:00.000,True,20.84
1527,983,982,2022-04-14 00:00:00.000,True,89.12
1531,93,92,2022-04-15 00:00:00.000,True,5.97
1532,241,240,2022-04-15 00:00:00.000,True,14.62
1535,359,358,2022-04-16 00:00:00.000,True,38.54
1536,887,886,2022-04-16 00:00:00.000,True,39.16
1538,576,575,2022-04-16 00:00:00.000,True,11.31
1540,308,307,2022-04-17 00:00:00.000,True,41.52
1542,475,474,2022-04-18 00:00:00.000,True,43.16
1543,854,853,2022-04-18 00:00:00.000,True,64.89
1545,651,650,2022-04-19 00:00:00.000,True,92.42
1548,263,262,2022-04-20 00:00:00.000,True,37.47
1549,592,591,2022-04-23 00:00:00.000,True,81.38
1551,478,477,2022-04-23 00:00:00.000,True,72.37
1554,689,688,2022-04-24 00:00:00.000,True,4.91
1555,273,272,2022-04-26 00:00:00.000,True,2.96
1557,97,96,2022-04-28 00:00:00.000,True,4.52
1559,879,878,2022-05-02 00:00:00.000,True,78.63
1561,969,968,2022-05-04 00:00:00.000,True,74.87
1563,578,577,2022-05-04 00:00:00.000,True,76.09
1566,380,379,2022-05-04 00:00:00.000,True,9.46
1567,164,163,2022-05-10 00:00:00.000,True,2.09
1570,544,543,2022-05-10 00:00:00.000,True,28.45
1571,406,405,2022-05-11 00:00:00.000,True,78.92
1573,140,139,2022-05-14 00:00:00.000,True,47.78
1576,161,160,2022-05-14 00:00:00.000,True,67.7
1577,953,952,2022-05-15 00:00:00.000,True,80.59
1578,491,490,2022-05-15 00:00:00.000,True,8.36
1582,593,592,2022-05-16 00:00:00.000,True,92.5
1584,782,781,2022-05-18 00:00:00.000,True,8.09
1586,555,554,2022-05-18 00:00:00.000,True,17.95
1587,612,611,2022-05-18 00:00:00.000,True,82.97
1590,412,411,2022-05-22 00:00:00.000,True,70.04
1592,883,882,2022-05-24 00:00:00.000,True,79.71
1594,226,225,2022-05-24 00:00:00.000,True,81.75
1595,604,603,2022-05-25 00:00:00.000,True,37.33
1597,975,974,2022-05-25 00:00:00.000,True,97.86
1599,521,520,2022-05-26 00:00:00.000,True,15.75
1601,131,130,2022-05-29 00:00:00.000,True,93.41
1603,881,880,2022-05-31 00:00:00.000,True,14.67
1606,248,247,2022-05-31 00:00:00.000,True,17.98
1608,632,631,2022-06-02 00:00:00.000,True,6.2
1609,193,192,2022-06-03 00:00:00.000,True,52.61
1611,385,384,2022-06-03 00:00:00.000,True,96.19
1613,638,637,2022-06-04 00:00:00.000,True,62.02
1617,958,957,2022-06-05 00:00:00.000,True,57.11
1618,284,283,2022-06-05 00:00:00.000,True,45.1
1620,933,932,2022-06-06 00:00:00.000,True,14.25
1622,984,983,2022-06-07 00:00:00.000,True,91.98
1623,743,742,2022-06-07 00:00:00.000,True,19.15
1625,467,466,2022-06-08 00:00:00.000,True,48.81
1626,776,775,2022-06-08 00:00:00.000,True,19.02
1627,820,819,2022-06-08 00:00:00.000,True,27.26
1631,921,920,2022-06-09 00:00:00.000,True,62.97
1633,62,61,2022-06-10 00:00:00.000,True,9.37
1636,872,871,2022-06-10 00:00:00.000,True,51.14
1638,82,81,2022-06-11 00:00:00.000,True,69.28
1639,393,392,2022-06-11 00:00:00.000,True,82.08
1641,942,941,2022-06-12 00:00:00.000,True,79.35
1644,423,422,2022-06-13 00:00:00.000,True,35.1
1646,730,729,2022-06-16 00:00:00.000,True,95.57
1647,210,209,2022-06-17 00:00:00.000,True,24.21
1650,141,140,2022-06-19 00:00:00.000,True,58.92
1651,460,459,2022-06-19 00:00:00.000,True,36.9
1653,982,981,2022-06-20 00:00:00.000,True,79.07
1655,849,848,2022-06-21 00:00:00.000,True,49.23
1658,874,873,2022-06-23 00:00:00.000,True,59.71
1660,908,907,2022-06-23 00:00:00.000,True,17
1661,339,338,2022-06-24 00:00:00.000,True,56.88
1663,681,680,2022-06-24 00:00:00.000,True,3.97
1665,760,759,2022-06-26 00:00:00.000,True,42.98
1668,84,83,2022-07-01 00:00:00.000,True,15.72
1669,149,148,2022-07-01 00:00:00.000,True,82.93
1672,88,87,2022-07-03 00:00:00.000,True,64.77
1673,837,836,2022-07-07 00:00:00.000,True,95.49
1676,763,762,2022-07-09 00:00:00.000,True,25.96
1677,120,119,2022-07-10 00:00:00.000,True,79.34
1680,441,440,2022-07-12 00:00:00.000,True,97.43
1681,276,275,2022-07-15 00:00:00.000,True,48.27
1683,468,467,2022-07-16 00:00:00.000,True,38.87
1687,550,549,2022-07-17 00:00:00.000,True,78.48
1688,129,128,2022-07-17 00:00:00.000,True,29.33
1690,740,739,2022-07-18 00:00:00.000,True,90.45
1692,89,88,2022-07-19 00:00:00.000,True,77.22
1693,195,194,2022-07-19 00:00:00.000,True,45.1
1696,489,488,2022-07-23 00:00:00.000,True,67.43
1697,712,711,2022-08-04 00:00:00.000,True,32.98
1699,674,673,2022-08-06 00:00:00.000,True,18.38
1700,128,127,2022-08-06 00:00:00.000,True,19.09
1703,725,724,2022-08-08 00:00:00.000,True,26.1
1706,686,685,2022-08-09 00:00:00.000,True,57.86
1707,781,780,2022-08-10 00:00:00.000,True,6.69
1710,419,418,2022-08-10 00:00:00.000,True,80.27
1711,534,533,2022-08-11 00:00:00.000,True,62.5
1714,295,294,2022-08-12 00:00:00.000,True,75
1716,987,986,2022-08-13 00:00:00.000,True,26.82
1717,737,736,2022-08-18 00:00:00.000,True,78.3
1719,370,369,2022-08-19 00:00:00.000,True,5.16
1720,601,600,2022-08-19 00:00:00.000,True,67.55
1725,311,310,2022-08-22 00:00:00.000,True,22.97
1726,863,862,2022-08-22 00:00:00.000,True,54.31
1729,914,913,2022-08-24 00:00:00.000,True,89.59
1730,411,410,2022-08-24 00:00:00.000,True,31.4
1731,159,158,2022-08-28 00:00:00.000,True,50.71
1732,65,64,2022-08-28 00:00:00.000,True,32.78
1735,955,954,2022-08-30 00:00:00.000,True,65.5
1736,844,843,2022-08-30 00:00:00.000,True,57.01
1739,49,48,2022-08-31 00:00:00.000,True,78.35
1740,33,32,2022-08-31 00:00:00.000,True,80.78
1744,53,52,2022-09-01 00:00:00.000,True,60.4
1745,542,541,2022-09-02 00:00:00.000,True,82.75
1747,28,27,2022-09-03 00:00:00.000,True,95.63
1752,622,621,2022-09-04 00:00:00.000,True,94.91
1753,117,116,2022-09-04 00:00:00.000,True,43.79
1754,574,573,2022-09-04 00:00:00.000,True,71.84
1757,265,264,2022-09-07 00:00:00.000,True,9.14
1758,595,594,2022-09-07 00:00:00.000,True,34.78
1759,710,709,2022-09-10 00:00:00.000,True,64.45
1762,900,899,2022-09-11 00:00:00.000,True,65.23
1764,993,992,2022-09-12 00:00:00.000,True,67.87
1765,338,337,2022-09-14 00:00:00.000,True,35.68
1766,113,112,2022-09-14 00:00:00.000,True,63.85
1770,246,245,2022-09-17 00:00:00.000,True,16.43
1771,484,483,2022-09-17 00:00:00.000,True,95.49
1773,533,532,2022-09-23 00:00:00.000,True,47.03
1775,957,956,2022-09-23 00:00:00.000,True,58.19
1778,168,167,2022-09-26 00:00:00.000,True,8.28
1779,446,445,2022-09-26 00:00:00.000,True,59.41
1781,648,647,2022-09-27 00:00:00.000,True,87.84
1783,340,339,2022-09-28 00:00:00.000,True,43.48
1786,758,757,2022-09-28 00:00:00.000,True,37.97
1787,102,101,2022-09-30 00:00:00.000,True,92.87
1790,271,270,2022-10-01 00:00:00.000,True,12.29
1791,609,608,2022-10-02 00:00:00.000,True,90.72
1792,591,590,2022-10-02 00:00:00.000,True,29.18
1795,495,494,2022-10-03 00:00:00.000,True,19.04
1798,111,110,2022-10-03 00:00:00.000,True,70.45
1800,540,539,2022-10-04 00:00:00.000,True,57.91
1801,867,866,2022-10-05 00:00:00.000,True,98.46
1803,671,670,2022-10-07 00:00:00.000,True,13.72
1806,607,606,2022-10-07 00:00:00.000,True,9.05
1808,631,630,2022-10-09 00:00:00.000,True,77.94
1810,723,722,2022-10-09 00:00:00.000,True,92.43
1811,677,676,2022-10-11 00:00:00.000,True,58.93
1814,617,616,2022-10-13 00:00:00.000,True,68.66
1816,18,17,2022-10-14 00:00:00.000,True,17.25
1817,179,178,2022-10-15 00:00:00.000,True,23.52
1820,557,556,2022-10-16 00:00:00.000,True,95.26
1821,354,353,2022-10-17 00:00:00.000,True,12.91
1824,208,207,2022-10-18 00:00:00.000,True,97.27
1825,850,849,2022-10-18 00:00:00.000,True,66.41
1828,669,668,2022-10-20 00:00:00.000,True,19.97
1830,941,940,2022-10-21 00:00:00.000,True,8.47
1831,66,65,2022-10-22 00:00:00.000,True,46.02
1832,713,712,2022-10-22 00:00:00.000,True,16.55
1836,256,255,2022-10-23 00:00:00.000,True,2.73
1837,476,475,2022-10-25 00:00:00.000,True,16.13
1840,493,492,2022-10-26 00:00:00.000,True,23.66
1841,673,672,2022-10-27 00:00:00.000,True,68.35
1843,700,699,2022-10-28 00:00:00.000,True,97.5
1844,620,619,2022-10-28 00:00:00.000,True,58.35
1848,605,604,2022-10-29 00:00:00.000,True,49.17
1850,807,806,2022-10-30 00:00:00.000,True,6.42
1852,109,108,2022-10-31 00:00:00.000,True,49.98
1853,830,829,2022-11-01 00:00:00.000,True,20.37
1856,859,858,2022-11-03 00:00:00.000,True,94.37
1859,999,998,2022-11-04 00:00:00.000,True,9.48
1860,888,887,2022-11-04 00:00:00.000,True,34.65
1861,188,187,2022-11-05 00:00:00.000,True,73.19
1864,254,253,2022-11-06 00:00:00.000,True,15.22
1865,448,447,2022-11-08 00:00:00.000,True,19.61
1866,963,962,2022-11-08 00:00:00.000,True,14.79
1867,816,815,2022-11-08 00:00:00.000,True,22.44
1868,583,582,2022-11-08 00:00:00.000,True,55.99
1873,314,313,2022-11-09 00:00:00.000,True,6.88
1876,456,455,2022-11-09 00:00:00.000,True,23.66
1877,331,330,2022-11-10 00:00:00.000,True,93.67
1879,167,166,2022-11-11 00:00:00.000,True,59.75
1880,811,810,2022-11-11 00:00:00.000,True,46.07
1883,282,281,2022-11-11 00:00:00.000,True,2.44
1885,107,106,2022-11-12 00:00:00.000,True,65.51
1887,596,595,2022-11-13 00:00:00.000,True,79.1
1888,192,191,2022-11-13 00:00:00.000,True,28.26
1891,186,185,2022-11-17 00:00:00.000,True,74.83
1892,287,286,2022-11-17 00:00:00.000,True,84.78
1893,421,420,2022-11-17 00:00:00.000,True,97
1897,756,755,2022-11-18 00:00:00.000,True,98.37
1901,575,574,2022-11-18 00:00:00.000,True,1.54
1902,864,863,2022-11-18 00:00:00.000,True,93.92
1903,798,797,2022-11-19 00:00:00.000,True,27.89
1907,31,30,2022-11-19 00:00:00.000,True,81.65
1908,967,966,2022-11-19 00:00:00.000,True,96.44
1909,115,114,2022-11-21 00:00:00.000,True,52.95
1910,563,562,2022-11-21 00:00:00.000,True,56.95
1911,819,818,2022-11-21 00:00:00.000,True,85.71
1916,871,870,2022-11-22 00:00:00.000,True,61.83
1918,444,443,2022-11-25 00:00:00.000,True,63.21
1920,897,896,2022-11-27 00:00:00.000,True,53.18
1921,143,142,2022-12-02 00:00:00.000,True,8.35
1923,944,943,2022-12-03 00:00:00.000,True,31.11
1926,434,433,2022-12-06 00:00:00.000,True,64.55
1927,402,401,2022-12-07 00:00:00.000,True,96.68
1928,899,898,2022-12-07 00:00:00.000,True,17.36
1933,665,664,2022-12-08 00:00:00.000,True,48.35
1934,100,99,2022-12-08 00:00:00.000,True,13.63
1936,894,893,2022-12-08 00:00:00.000,True,34.35
1938,653,652,2022-12-09 00:00:00.000,True,42.27
1939,580,579,2022-12-10 00:00:00.000,True,90.81
1942,283,282,2022-12-11 00:00:00.000,True,88.13
1944,187,186,2022-12-11 00:00:00.000,True,21.16
1945,269,268,2022-12-12 00:00:00.000,True,45.19
1947,788,787,2022-12-13 00:00:00.000,True,54.44
1950,422,421,2022-12-14 00:00:00.000,True,66.96
1951,628,627,2022-12-15 00:00:00.000,True,20
1952,703,702,2022-12-15 00:00:00.000,True,55.79
1953,968,967,2022-12-15 00:00:00.000,True,65.53
1958,298,297,2022-12-18 00:00:00.000,True,5.5
1960,40,39,2022-12-19 00:00:00.000,True,80.86
1961,831,830,2022-12-20 00:00:00.000,True,51.08
1962,510,509,2022-12-20 00:00:00.000,True,23.13
1965,764,763,2022-12-22 00:00:00.000,True,74.65
1967,305,304,2022-12-23 00:00:00.000,True,23.7
1969,355,354,2022-12-23 00:00:00.000,True,17.27
1972,744,743,2022-12-25 00:00:00.000,True,25.85
1973,912,911,2022-12-26 00:00:00.000,True,26.56
1974,525,524,2022-12-26 00:00:00.000,True,38.39
1977,225,224,2022-12-27 00:00:00.000,True,26.88
1978,443,442,2022-12-27 00:00:00.000,True,49.51
1981,334,333,2022-12-29 00:00:00.000,True,22.25
1983,47,46,2022-12-30 00:00:00.000,True,51.93
1986,724,723,2022-12-31 00:00:00.000,True,20.36
1987,652,651,2022-12-31 00:00:00.000,True,97.39
1989,780,779,2023-01-01 00:00:00.000,True,25.73
1991,943,942,2023-01-02 00:00:00.000,True,44.12
1994,373,372,2023-01-03 00:00:00.000,True,47.1
1995,650,649,2023-01-06 00:00:00.000,True,3.9
1996,312,311,2023-01-06 00:00:00.000,True,62.99
2000,722,721,2023-01-07 00:00:00.000,True,11.01
